2026-05-15 07:25:52,825 [INFO] pipeline.enrich_runner: =================================================================
2026-05-15 07:25:52,826 [INFO] pipeline.enrich_runner: [EnrichPipeline] JOB STARTED  job_id=f2ced2d0-20eb-4012-8b06-ccca5d54e78d
2026-05-15 07:25:52,826 [INFO] pipeline.enrich_runner: [EnrichPipeline] output_dir  = /app/output/f2ced2d0-20eb-4012-8b06-ccca5d54e78d
2026-05-15 07:25:52,826 [INFO] pipeline.enrich_runner: [EnrichPipeline] user_id     = f2ced2d0-20eb-4012-8b06-ccca5d54e78d
2026-05-15 07:25:52,826 [INFO] pipeline.enrich_runner: [EnrichPipeline] working_dir = /app/output/f2ced2d0-20eb-4012-8b06-ccca5d54e78d
2026-05-15 07:25:52,826 [INFO] pipeline.enrich_runner: [EnrichPipeline] prodname    = (not provided)
2026-05-15 07:25:52,826 [INFO] pipeline.enrich_runner: =================================================================
2026-05-15 07:25:52,837 [INFO] pipeline.enrich_runner: [EnrichPipeline] Raw backup created at: /app/output/.tmp_backup_f2ced2d0-20eb-4012-8b06-ccca5d54e78d
2026-05-15 07:25:52,844 [INFO] pipeline.enrich_runner: [EnrichPipeline] Discovered 91 .dita files, 6 .ditamap files
2026-05-15 07:25:52,851 [INFO] pipeline.enrich_runner: [EnrichPipeline] Parsed 91 DITA files
2026-05-15 07:25:52,851 [INFO] pipeline.enrich_runner: [EnrichPipeline] ══ BEFORE ENRICHMENT ══════════════════════════════
2026-05-15 07:25:52,851 [INFO] pipeline.enrich_runner: [EnrichPipeline] Total DITA files: 91
2026-05-15 07:25:52,851 [INFO] pipeline.enrich_runner: [EnrichPipeline] [BEFORE] characteristics_of_debt_securities/amortising_bonds.dita type=concept    shortdesc=NO  prolog=NO 
2026-05-15 07:25:52,851 [INFO] pipeline.enrich_runner: [EnrichPipeline] [BEFORE] characteristics_of_debt_securities/asset_backed_securities.dita type=concept    shortdesc=NO  prolog=NO 
2026-05-15 07:25:52,852 [INFO] pipeline.enrich_runner: [EnrichPipeline] [BEFORE] characteristics_of_debt_securities/chapter_3_sample_questions.dita type=task       shortdesc=NO  prolog=NO 
2026-05-15 07:25:52,852 [INFO] pipeline.enrich_runner: [EnrichPipeline] [BEFORE] characteristics_of_debt_securities/characteristics_of_debt_securities.dita type=concept    shortdesc=NO  prolog=NO 
2026-05-15 07:25:52,852 [INFO] pipeline.enrich_runner: [EnrichPipeline] [BEFORE] characteristics_of_debt_securities/classification_of_debt_market.dita type=concept    shortdesc=NO  prolog=NO 
2026-05-15 07:25:52,852 [INFO] pipeline.enrich_runner: [EnrichPipeline] [BEFORE] characteristics_of_debt_securities/convertible_debt_securities.dita type=concept    shortdesc=NO  prolog=NO 
2026-05-15 07:25:52,852 [INFO] pipeline.enrich_runner: [EnrichPipeline] [BEFORE] characteristics_of_debt_securities/credit_rating.dita type=concept    shortdesc=NO  prolog=NO 
2026-05-15 07:25:52,852 [INFO] pipeline.enrich_runner: [EnrichPipeline] [BEFORE] characteristics_of_debt_securities/current_yield.dita type=concept    shortdesc=NO  prolog=NO 
2026-05-15 07:25:52,852 [INFO] pipeline.enrich_runner: [EnrichPipeline] [BEFORE] characteristics_of_debt_securities/features_of_a_debt_security.dita type=concept    shortdesc=NO  prolog=NO 
2026-05-15 07:25:52,852 [INFO] pipeline.enrich_runner: [EnrichPipeline] [BEFORE] characteristics_of_debt_securities/fixed_rate_bonds.dita type=concept    shortdesc=NO  prolog=NO 
2026-05-15 07:25:52,852 [INFO] pipeline.enrich_runner: [EnrichPipeline] [BEFORE] characteristics_of_debt_securities/floating_rate_bonds.dita type=concept    shortdesc=NO  prolog=NO 
2026-05-15 07:25:52,852 [INFO] pipeline.enrich_runner: [EnrichPipeline] [BEFORE] characteristics_of_debt_securities/inflation_indexed_bonds.dita type=concept    shortdesc=NO  prolog=NO 
2026-05-15 07:25:52,852 [INFO] pipeline.enrich_runner: [EnrichPipeline] [BEFORE] characteristics_of_debt_securities/market_value_of_a_debt_security.dita type=concept    shortdesc=NO  prolog=NO 
2026-05-15 07:25:52,852 [INFO] pipeline.enrich_runner: [EnrichPipeline] [BEFORE] characteristics_of_debt_securities/money_market_instruments.dita type=concept    shortdesc=NO  prolog=NO 
2026-05-15 07:25:52,852 [INFO] pipeline.enrich_runner: [EnrichPipeline] [BEFORE] characteristics_of_debt_securities/other_types_of_bonds.dita type=concept    shortdesc=NO  prolog=NO 
2026-05-15 07:25:52,852 [INFO] pipeline.enrich_runner: [EnrichPipeline] [BEFORE] characteristics_of_debt_securities/types_of_debt_securities.dita type=concept    shortdesc=NO  prolog=NO 
2026-05-15 07:25:52,852 [INFO] pipeline.enrich_runner: [EnrichPipeline] [BEFORE] characteristics_of_debt_securities/unrated_bonds.dita type=concept    shortdesc=NO  prolog=NO 
2026-05-15 07:25:52,852 [INFO] pipeline.enrich_runner: [EnrichPipeline] [BEFORE] characteristics_of_debt_securities/yield_from_debt_instruments.dita type=concept    shortdesc=NO  prolog=NO 
2026-05-15 07:25:52,852 [INFO] pipeline.enrich_runner: [EnrichPipeline] [BEFORE] characteristics_of_debt_securities/yield_to_maturity_ytm.dita type=concept    shortdesc=NO  prolog=NO 
2026-05-15 07:25:52,852 [INFO] pipeline.enrich_runner: [EnrichPipeline] [BEFORE] characteristics_of_debt_securities/zero_coupon_bond.dita type=concept    shortdesc=NO  prolog=NO 
2026-05-15 07:25:52,852 [INFO] pipeline.enrich_runner: [EnrichPipeline] [BEFORE] characteristics_of_equity_shares/authorised_capital.dita type=concept    shortdesc=NO  prolog=NO 
2026-05-15 07:25:52,852 [INFO] pipeline.enrich_runner: [EnrichPipeline] [BEFORE] characteristics_of_equity_shares/bonus_issue.dita  type=concept    shortdesc=NO  prolog=NO 
2026-05-15 07:25:52,852 [INFO] pipeline.enrich_runner: [EnrichPipeline] [BEFORE] characteristics_of_equity_shares/buyback_of_shares.dita type=concept    shortdesc=NO  prolog=NO 
2026-05-15 07:25:52,853 [INFO] pipeline.enrich_runner: [EnrichPipeline] [BEFORE] characteristics_of_equity_shares/chapter_2_sample_questions.dita type=task       shortdesc=NO  prolog=NO 
2026-05-15 07:25:52,853 [INFO] pipeline.enrich_runner: [EnrichPipeline] [BEFORE] characteristics_of_equity_shares/characteristics_of_equity_shares.dita type=concept    shortdesc=NO  prolog=NO 
2026-05-15 07:25:52,853 [INFO] pipeline.enrich_runner: [EnrichPipeline] [BEFORE] characteristics_of_equity_shares/corporate_actions.dita type=concept    shortdesc=NO  prolog=NO 
2026-05-15 07:25:52,853 [INFO] pipeline.enrich_runner: [EnrichPipeline] [BEFORE] characteristics_of_equity_shares/dividend.dita     type=concept    shortdesc=NO  prolog=NO 
2026-05-15 07:25:52,853 [INFO] pipeline.enrich_runner: [EnrichPipeline] [BEFORE] characteristics_of_equity_shares/equity_terminology.dita type=concept    shortdesc=NO  prolog=NO 
2026-05-15 07:25:52,853 [INFO] pipeline.enrich_runner: [EnrichPipeline] [BEFORE] characteristics_of_equity_shares/face_value.dita   type=concept    shortdesc=NO  prolog=NO 
2026-05-15 07:25:52,853 [INFO] pipeline.enrich_runner: [EnrichPipeline] [BEFORE] characteristics_of_equity_shares/fully_paid_up_shares.dita type=concept    shortdesc=NO  prolog=NO 
2026-05-15 07:25:52,853 [INFO] pipeline.enrich_runner: [EnrichPipeline] [BEFORE] characteristics_of_equity_shares/institutional_investors.dita type=concept    shortdesc=NO  prolog=NO 
2026-05-15 07:25:52,853 [INFO] pipeline.enrich_runner: [EnrichPipeline] [BEFORE] characteristics_of_equity_shares/investors_in_equity_shares.dita type=concept    shortdesc=NO  prolog=NO 
2026-05-15 07:25:52,853 [INFO] pipeline.enrich_runner: [EnrichPipeline] [BEFORE] characteristics_of_equity_shares/issued_capital.dita type=concept    shortdesc=NO  prolog=NO 
2026-05-15 07:25:52,853 [INFO] pipeline.enrich_runner: [EnrichPipeline] [BEFORE] characteristics_of_equity_shares/liquidity_risk.dita type=concept    shortdesc=NO  prolog=NO 
2026-05-15 07:25:52,853 [INFO] pipeline.enrich_runner: [EnrichPipeline] [BEFORE] characteristics_of_equity_shares/no_collateral_security.dita type=concept    shortdesc=NO  prolog=NO 
2026-05-15 07:25:52,853 [INFO] pipeline.enrich_runner: [EnrichPipeline] [BEFORE] characteristics_of_equity_shares/no_fixed_return.dita type=concept    shortdesc=NO  prolog=NO 
2026-05-15 07:25:52,854 [INFO] pipeline.enrich_runner: [EnrichPipeline] [BEFORE] characteristics_of_equity_shares/no_fixed_tenor.dita type=concept    shortdesc=NO  prolog=NO 
2026-05-15 07:25:52,854 [INFO] pipeline.enrich_runner: [EnrichPipeline] [BEFORE] characteristics_of_equity_shares/other_rights.dita type=concept    shortdesc=NO  prolog=NO 
2026-05-15 07:25:52,854 [INFO] pipeline.enrich_runner: [EnrichPipeline] [BEFORE] characteristics_of_equity_shares/outstanding_shares.dita type=concept    shortdesc=NO  prolog=NO 
2026-05-15 07:25:52,854 [INFO] pipeline.enrich_runner: [EnrichPipeline] [BEFORE] characteristics_of_equity_shares/ownership_rights_2.dita type=concept    shortdesc=NO  prolog=NO 
2026-05-15 07:25:52,854 [INFO] pipeline.enrich_runner: [EnrichPipeline] [BEFORE] characteristics_of_equity_shares/ownership_transfer_rights.dita type=concept    shortdesc=NO  prolog=NO 
2026-05-15 07:25:52,854 [INFO] pipeline.enrich_runner: [EnrichPipeline] [BEFORE] characteristics_of_equity_shares/paid_up_capital.dita type=concept    shortdesc=NO  prolog=NO 
2026-05-15 07:25:52,854 [INFO] pipeline.enrich_runner: [EnrichPipeline] [BEFORE] characteristics_of_equity_shares/partly_paid_up_shares.dita type=concept    shortdesc=NO  prolog=NO 
2026-05-15 07:25:52,854 [INFO] pipeline.enrich_runner: [EnrichPipeline] [BEFORE] characteristics_of_equity_shares/preference_shares_2.dita type=concept    shortdesc=NO  prolog=NO 
2026-05-15 07:25:52,854 [INFO] pipeline.enrich_runner: [EnrichPipeline] [BEFORE] characteristics_of_equity_shares/preferential_issue.dita type=concept    shortdesc=NO  prolog=NO 
2026-05-15 07:25:52,854 [INFO] pipeline.enrich_runner: [EnrichPipeline] [BEFORE] characteristics_of_equity_shares/promoters.dita    type=concept    shortdesc=NO  prolog=NO 
2026-05-15 07:25:52,854 [INFO] pipeline.enrich_runner: [EnrichPipeline] [BEFORE] characteristics_of_equity_shares/public_investors.dita type=concept    shortdesc=NO  prolog=NO 
2026-05-15 07:25:52,855 [INFO] pipeline.enrich_runner: [EnrichPipeline] [BEFORE] characteristics_of_equity_shares/right_to_dividend.dita type=concept    shortdesc=NO  prolog=NO 
2026-05-15 07:25:52,855 [INFO] pipeline.enrich_runner: [EnrichPipeline] [BEFORE] characteristics_of_equity_shares/rights_issue_of_shares.dita type=concept    shortdesc=NO  prolog=NO 
2026-05-15 07:25:52,855 [INFO] pipeline.enrich_runner: [EnrichPipeline] [BEFORE] characteristics_of_equity_shares/rights_of_a_shareholder.dita type=concept    shortdesc=NO  prolog=NO 
2026-05-15 07:25:52,855 [INFO] pipeline.enrich_runner: [EnrichPipeline] [BEFORE] characteristics_of_equity_shares/risks_in_equity_investing.dita type=concept    shortdesc=NO  prolog=NO 
2026-05-15 07:25:52,855 [INFO] pipeline.enrich_runner: [EnrichPipeline] [BEFORE] characteristics_of_equity_shares/share_premium.dita type=concept    shortdesc=NO  prolog=NO 
2026-05-15 07:25:52,855 [INFO] pipeline.enrich_runner: [EnrichPipeline] [BEFORE] characteristics_of_equity_shares/stock_split_and_consolidation.dita type=concept    shortdesc=NO  prolog=NO 
2026-05-15 07:25:52,855 [INFO] pipeline.enrich_runner: [EnrichPipeline] [BEFORE] characteristics_of_other_securities/chapter_4_sample_questions.dita type=task       shortdesc=NO  prolog=NO 
2026-05-15 07:25:52,855 [INFO] pipeline.enrich_runner: [EnrichPipeline] [BEFORE] characteristics_of_other_securities/characteristics_of_other_securities.dita type=concept    shortdesc=NO  prolog=NO 
2026-05-15 07:25:52,855 [INFO] pipeline.enrich_runner: [EnrichPipeline] [BEFORE] characteristics_of_other_securities/convertible_debentures_2.dita type=concept    shortdesc=NO  prolog=NO 
2026-05-15 07:25:52,855 [INFO] pipeline.enrich_runner: [EnrichPipeline] [BEFORE] characteristics_of_other_securities/depository_receipts.dita type=concept    shortdesc=NO  prolog=NO 
2026-05-15 07:25:52,855 [INFO] pipeline.enrich_runner: [EnrichPipeline] [BEFORE] characteristics_of_other_securities/exchange_traded_funds_and_index_funds.dita type=reference  shortdesc=NO  prolog=NO 
2026-05-15 07:25:52,855 [INFO] pipeline.enrich_runner: [EnrichPipeline] [BEFORE] characteristics_of_other_securities/foreign_currency_convertible_bonds.dita type=concept    shortdesc=NO  prolog=NO 
2026-05-15 07:25:52,856 [INFO] pipeline.enrich_runner: [EnrichPipeline] [BEFORE] characteristics_of_other_securities/infrastructure_investment_trusts_invits.dita type=concept    shortdesc=NO  prolog=NO 
2026-05-15 07:25:52,856 [INFO] pipeline.enrich_runner: [EnrichPipeline] [BEFORE] characteristics_of_other_securities/investment_trusts.dita type=concept    shortdesc=NO  prolog=NO 
2026-05-15 07:25:52,856 [INFO] pipeline.enrich_runner: [EnrichPipeline] [BEFORE] characteristics_of_other_securities/real_estate_investment_trusts_reits.dita type=concept    shortdesc=NO  prolog=NO 
2026-05-15 07:25:52,856 [INFO] pipeline.enrich_runner: [EnrichPipeline] [BEFORE] characteristics_of_other_securities/warrants.dita  type=concept    shortdesc=NO  prolog=NO 
2026-05-15 07:25:52,856 [INFO] pipeline.enrich_runner: [EnrichPipeline] [BEFORE] introduction_to_securities/chapter_1_sample_questions.dita type=task       shortdesc=NO  prolog=NO 
2026-05-15 07:25:52,856 [INFO] pipeline.enrich_runner: [EnrichPipeline] [BEFORE] introduction_to_securities/contributors.dita       type=concept    shortdesc=NO  prolog=NO 
2026-05-15 07:25:52,856 [INFO] pipeline.enrich_runner: [EnrichPipeline] [BEFORE] introduction_to_securities/convertible_debentures.dita type=concept    shortdesc=NO  prolog=NO 
2026-05-15 07:25:52,856 [INFO] pipeline.enrich_runner: [EnrichPipeline] [BEFORE] introduction_to_securities/cost_of_capital.dita    type=concept    shortdesc=NO  prolog=NO 
2026-05-15 07:25:52,856 [INFO] pipeline.enrich_runner: [EnrichPipeline] [BEFORE] introduction_to_securities/features_of_debt_capital_and_benefits_to_debt_investors.dita type=concept    shortdesc=NO  prolog=NO 
2026-05-15 07:25:52,856 [INFO] pipeline.enrich_runner: [EnrichPipeline] [BEFORE] introduction_to_securities/features_of_equity_capital_and_benefits_to_equity_investors.dita type=concept    shortdesc=NO  prolog=NO 
2026-05-15 07:25:52,856 [INFO] pipeline.enrich_runner: [EnrichPipeline] [BEFORE] introduction_to_securities/hybrid_structures.dita  type=concept    shortdesc=NO  prolog=NO 
2026-05-15 07:25:52,856 [INFO] pipeline.enrich_runner: [EnrichPipeline] [BEFORE] introduction_to_securities/introduction_to_equity_and_debt.dita type=concept    shortdesc=NO  prolog=NO 
2026-05-15 07:25:52,856 [INFO] pipeline.enrich_runner: [EnrichPipeline] [BEFORE] introduction_to_securities/introduction_to_securities.dita type=concept    shortdesc=NO  prolog=NO 
2026-05-15 07:25:52,856 [INFO] pipeline.enrich_runner: [EnrichPipeline] [BEFORE] introduction_to_securities/limited_liability.dita  type=concept    shortdesc=NO  prolog=NO 
2026-05-15 07:25:52,857 [INFO] pipeline.enrich_runner: [EnrichPipeline] [BEFORE] introduction_to_securities/liquidity.dita          type=concept    shortdesc=NO  prolog=NO 
2026-05-15 07:25:52,857 [INFO] pipeline.enrich_runner: [EnrichPipeline] [BEFORE] introduction_to_securities/ownership_rights.dita   type=concept    shortdesc=NO  prolog=NO 
2026-05-15 07:25:52,857 [INFO] pipeline.enrich_runner: [EnrichPipeline] [BEFORE] introduction_to_securities/perpetuity.dita         type=concept    shortdesc=NO  prolog=NO 
2026-05-15 07:25:52,857 [INFO] pipeline.enrich_runner: [EnrichPipeline] [BEFORE] introduction_to_securities/preference_shares.dita  type=concept    shortdesc=NO  prolog=NO 
2026-05-15 07:25:52,857 [INFO] pipeline.enrich_runner: [EnrichPipeline] [BEFORE] introduction_to_securities/rights_of_the_contributors.dita type=concept    shortdesc=NO  prolog=NO 
2026-05-15 07:25:52,857 [INFO] pipeline.enrich_runner: [EnrichPipeline] [BEFORE] introduction_to_securities/time_period.dita        type=concept    shortdesc=NO  prolog=NO 
2026-05-15 07:25:52,857 [INFO] pipeline.enrich_runner: [EnrichPipeline] [BEFORE] introduction_to_securities/uncertain_pay_outs.dita type=concept    shortdesc=NO  prolog=NO 
2026-05-15 07:25:52,857 [INFO] pipeline.enrich_runner: [EnrichPipeline] [BEFORE] workbook_for_nism_series_ii_b_registrars_to_an_issue_and_share_transfer_agents/about_nism_certifications.dita type=concept    shortdesc=NO  prolog=NO 
2026-05-15 07:25:52,857 [INFO] pipeline.enrich_runner: [EnrichPipeline] [BEFORE] workbook_for_nism_series_ii_b_registrars_to_an_issue_and_share_transfer_agents/about_the_certification_examination_for_registrars_to_an_issue_and_share.dita type=concept    shortdesc=NO  prolog=NO 
2026-05-15 07:25:52,857 [INFO] pipeline.enrich_runner: [EnrichPipeline] [BEFORE] workbook_for_nism_series_ii_b_registrars_to_an_issue_and_share_transfer_agents/acknowledgement.dita type=concept    shortdesc=NO  prolog=NO 
2026-05-15 07:25:52,857 [INFO] pipeline.enrich_runner: [EnrichPipeline] [BEFORE] workbook_for_nism_series_ii_b_registrars_to_an_issue_and_share_transfer_agents/assessment_structure.dita type=concept    shortdesc=NO  prolog=NO 
2026-05-15 07:25:52,857 [INFO] pipeline.enrich_runner: [EnrichPipeline] [BEFORE] workbook_for_nism_series_ii_b_registrars_to_an_issue_and_share_transfer_agents/disclaimer.dita type=concept    shortdesc=NO  prolog=NO 
2026-05-15 07:25:52,858 [INFO] pipeline.enrich_runner: [EnrichPipeline] [BEFORE] workbook_for_nism_series_ii_b_registrars_to_an_issue_and_share_transfer_agents/examination_objectives.dita type=concept    shortdesc=NO  prolog=NO 
2026-05-15 07:25:52,858 [INFO] pipeline.enrich_runner: [EnrichPipeline] [BEFORE] workbook_for_nism_series_ii_b_registrars_to_an_issue_and_share_transfer_agents/foreword.dita type=concept    shortdesc=NO  prolog=NO 
2026-05-15 07:25:52,858 [INFO] pipeline.enrich_runner: [EnrichPipeline] [BEFORE] workbook_for_nism_series_ii_b_registrars_to_an_issue_and_share_transfer_agents/how_to_register_and_take_the_examination.dita type=concept    shortdesc=NO  prolog=NO 
2026-05-15 07:25:52,858 [INFO] pipeline.enrich_runner: [EnrichPipeline] [BEFORE] workbook_for_nism_series_ii_b_registrars_to_an_issue_and_share_transfer_agents/important.dita type=concept    shortdesc=NO  prolog=NO 
2026-05-15 07:25:52,858 [INFO] pipeline.enrich_runner: [EnrichPipeline] [BEFORE] workbook_for_nism_series_ii_b_registrars_to_an_issue_and_share_transfer_agents/nism_series_ii_b_registrars_to_an_issue_and_share_transfer_agents_mutual_fund.dita type=reference  shortdesc=NO  prolog=NO 
2026-05-15 07:25:52,858 [INFO] pipeline.enrich_runner: [EnrichPipeline] [BEFORE] workbook_for_nism_series_ii_b_registrars_to_an_issue_and_share_transfer_agents/workbook_for_nism_series_ii_b_registrars_to_an_issue_and_share_transfer_agents.dita type=concept    shortdesc=NO  prolog=NO 
2026-05-15 07:25:52,858 [INFO] pipeline.enrich_runner: [EnrichPipeline] ── Structure & Schema Validation (DITA-only) ──
2026-05-15 07:25:52,858 [INFO] utils.structure_validator: [StructureValidator] Checking .ditamap topicref and mapref references
2026-05-15 07:25:52,870 [INFO] utils.structure_validator: [StructureValidator] Checking for duplicate id attributes
2026-05-15 07:25:52,877 [INFO] utils.structure_validator: [StructureValidator] Checking <xref> href targets
2026-05-15 07:25:52,884 [INFO] utils.structure_validator: [StructureValidator] Checking for spaces in filenames and folder names
2026-05-15 07:25:52,886 [INFO] utils.structure_validator: [StructureValidator] Running per-file DITA schema validation
2026-05-15 07:25:52,886 [WARNING] utils.structure_validator: [StructureValidator] WARNING [missing_shortdesc]: 'characteristics_of_debt_securities/classification_of_debt_market.dita' — <shortdesc> element is missing — required for search previews and navigation
2026-05-15 07:25:52,887 [WARNING] utils.structure_validator: [StructureValidator] WARNING [missing_shortdesc]: 'characteristics_of_debt_securities/asset_backed_securities.dita' — <shortdesc> element is missing — required for search previews and navigation
2026-05-15 07:25:52,887 [WARNING] utils.structure_validator: [StructureValidator] WARNING [empty_body]: 'characteristics_of_debt_securities/types_of_debt_securities.dita' — <conbody> exists but has no child elements or text content
2026-05-15 07:25:52,887 [WARNING] utils.structure_validator: [StructureValidator] WARNING [missing_shortdesc]: 'characteristics_of_debt_securities/types_of_debt_securities.dita' — <shortdesc> element is missing — required for search previews and navigation
2026-05-15 07:25:52,888 [WARNING] utils.structure_validator: [StructureValidator] WARNING [missing_shortdesc]: 'characteristics_of_debt_securities/chapter_3_sample_questions.dita' — <shortdesc> element is missing — required for search previews and navigation
2026-05-15 07:25:52,888 [WARNING] utils.structure_validator: [StructureValidator] WARNING [missing_shortdesc]: 'characteristics_of_debt_securities/market_value_of_a_debt_security.dita' — <shortdesc> element is missing — required for search previews and navigation
2026-05-15 07:25:52,889 [WARNING] utils.structure_validator: [StructureValidator] WARNING [missing_shortdesc]: 'characteristics_of_debt_securities/floating_rate_bonds.dita' — <shortdesc> element is missing — required for search previews and navigation
2026-05-15 07:25:52,889 [WARNING] utils.structure_validator: [StructureValidator] WARNING [missing_shortdesc]: 'characteristics_of_debt_securities/convertible_debt_securities.dita' — <shortdesc> element is missing — required for search previews and navigation
2026-05-15 07:25:52,890 [WARNING] utils.structure_validator: [StructureValidator] WARNING [missing_shortdesc]: 'characteristics_of_debt_securities/features_of_a_debt_security.dita' — <shortdesc> element is missing — required for search previews and navigation
2026-05-15 07:25:52,890 [WARNING] utils.structure_validator: [StructureValidator] WARNING [missing_shortdesc]: 'characteristics_of_debt_securities/unrated_bonds.dita' — <shortdesc> element is missing — required for search previews and navigation
2026-05-15 07:25:52,891 [WARNING] utils.structure_validator: [StructureValidator] WARNING [missing_shortdesc]: 'characteristics_of_debt_securities/current_yield.dita' — <shortdesc> element is missing — required for search previews and navigation
2026-05-15 07:25:52,891 [WARNING] utils.structure_validator: [StructureValidator] WARNING [missing_shortdesc]: 'characteristics_of_debt_securities/amortising_bonds.dita' — <shortdesc> element is missing — required for search previews and navigation
2026-05-15 07:25:52,891 [WARNING] utils.structure_validator: [StructureValidator] WARNING [missing_shortdesc]: 'characteristics_of_debt_securities/yield_from_debt_instruments.dita' — <shortdesc> element is missing — required for search previews and navigation
2026-05-15 07:25:52,892 [WARNING] utils.structure_validator: [StructureValidator] WARNING [missing_shortdesc]: 'characteristics_of_debt_securities/characteristics_of_debt_securities.dita' — <shortdesc> element is missing — required for search previews and navigation
2026-05-15 07:25:52,892 [WARNING] utils.structure_validator: [StructureValidator] WARNING [missing_shortdesc]: 'characteristics_of_debt_securities/fixed_rate_bonds.dita' — <shortdesc> element is missing — required for search previews and navigation
2026-05-15 07:25:52,893 [WARNING] utils.structure_validator: [StructureValidator] WARNING [missing_shortdesc]: 'characteristics_of_debt_securities/money_market_instruments.dita' — <shortdesc> element is missing — required for search previews and navigation
2026-05-15 07:25:52,893 [WARNING] utils.structure_validator: [StructureValidator] WARNING [missing_shortdesc]: 'characteristics_of_debt_securities/other_types_of_bonds.dita' — <shortdesc> element is missing — required for search previews and navigation
2026-05-15 07:25:52,894 [WARNING] utils.structure_validator: [StructureValidator] WARNING [missing_shortdesc]: 'characteristics_of_debt_securities/credit_rating.dita' — <shortdesc> element is missing — required for search previews and navigation
2026-05-15 07:25:52,894 [WARNING] utils.structure_validator: [StructureValidator] WARNING [missing_shortdesc]: 'characteristics_of_debt_securities/inflation_indexed_bonds.dita' — <shortdesc> element is missing — required for search previews and navigation
2026-05-15 07:25:52,894 [WARNING] utils.structure_validator: [StructureValidator] WARNING [missing_shortdesc]: 'characteristics_of_debt_securities/zero_coupon_bond.dita' — <shortdesc> element is missing — required for search previews and navigation
2026-05-15 07:25:52,895 [WARNING] utils.structure_validator: [StructureValidator] WARNING [missing_shortdesc]: 'characteristics_of_debt_securities/yield_to_maturity_ytm.dita' — <shortdesc> element is missing — required for search previews and navigation
2026-05-15 07:25:52,895 [WARNING] utils.structure_validator: [StructureValidator] WARNING [missing_shortdesc]: 'workbook_for_nism_series_ii_b_registrars_to_an_issue_and_share_transfer_agents/assessment_structure.dita' — <shortdesc> element is missing — required for search previews and navigation
2026-05-15 07:25:52,896 [WARNING] utils.structure_validator: [StructureValidator] WARNING [missing_shortdesc]: 'workbook_for_nism_series_ii_b_registrars_to_an_issue_and_share_transfer_agents/important.dita' — <shortdesc> element is missing — required for search previews and navigation
2026-05-15 07:25:52,896 [WARNING] utils.structure_validator: [StructureValidator] WARNING [missing_shortdesc]: 'workbook_for_nism_series_ii_b_registrars_to_an_issue_and_share_transfer_agents/about_the_certification_examination_for_registrars_to_an_issue_and_share.dita' — <shortdesc> element is missing — required for search previews and navigation
2026-05-15 07:25:52,897 [WARNING] utils.structure_validator: [StructureValidator] WARNING [missing_shortdesc]: 'workbook_for_nism_series_ii_b_registrars_to_an_issue_and_share_transfer_agents/acknowledgement.dita' — <shortdesc> element is missing — required for search previews and navigation
2026-05-15 07:25:52,897 [WARNING] utils.structure_validator: [StructureValidator] WARNING [missing_shortdesc]: 'workbook_for_nism_series_ii_b_registrars_to_an_issue_and_share_transfer_agents/examination_objectives.dita' — <shortdesc> element is missing — required for search previews and navigation
2026-05-15 07:25:52,898 [WARNING] utils.structure_validator: [StructureValidator] WARNING [section_missing_title]: 'workbook_for_nism_series_ii_b_registrars_to_an_issue_and_share_transfer_agents/nism_series_ii_b_registrars_to_an_issue_and_share_transfer_agents_mutual_fund.dita' — <section> #1 has no <title> — recommended for DITA compliance
2026-05-15 07:25:52,898 [WARNING] utils.structure_validator: [StructureValidator] WARNING [table_missing_title]: 'workbook_for_nism_series_ii_b_registrars_to_an_issue_and_share_transfer_agents/nism_series_ii_b_registrars_to_an_issue_and_share_transfer_agents_mutual_fund.dita' — <table> #1 has no <title> element — required for accessibility and DITA compliance
2026-05-15 07:25:52,898 [WARNING] utils.structure_validator: [StructureValidator] WARNING [missing_shortdesc]: 'workbook_for_nism_series_ii_b_registrars_to_an_issue_and_share_transfer_agents/nism_series_ii_b_registrars_to_an_issue_and_share_transfer_agents_mutual_fund.dita' — <shortdesc> element is missing — required for search previews and navigation
2026-05-15 07:25:52,898 [WARNING] utils.structure_validator: [StructureValidator] WARNING [missing_shortdesc]: 'workbook_for_nism_series_ii_b_registrars_to_an_issue_and_share_transfer_agents/foreword.dita' — <shortdesc> element is missing — required for search previews and navigation
2026-05-15 07:25:52,899 [WARNING] utils.structure_validator: [StructureValidator] WARNING [missing_shortdesc]: 'workbook_for_nism_series_ii_b_registrars_to_an_issue_and_share_transfer_agents/disclaimer.dita' — <shortdesc> element is missing — required for search previews and navigation
2026-05-15 07:25:52,899 [WARNING] utils.structure_validator: [StructureValidator] WARNING [missing_shortdesc]: 'workbook_for_nism_series_ii_b_registrars_to_an_issue_and_share_transfer_agents/workbook_for_nism_series_ii_b_registrars_to_an_issue_and_share_transfer_agents.dita' — <shortdesc> element is missing — required for search previews and navigation
2026-05-15 07:25:52,900 [WARNING] utils.structure_validator: [StructureValidator] WARNING [missing_shortdesc]: 'workbook_for_nism_series_ii_b_registrars_to_an_issue_and_share_transfer_agents/about_nism_certifications.dita' — <shortdesc> element is missing — required for search previews and navigation
2026-05-15 07:25:52,900 [WARNING] utils.structure_validator: [StructureValidator] WARNING [missing_shortdesc]: 'workbook_for_nism_series_ii_b_registrars_to_an_issue_and_share_transfer_agents/how_to_register_and_take_the_examination.dita' — <shortdesc> element is missing — required for search previews and navigation
2026-05-15 07:25:52,901 [WARNING] utils.structure_validator: [StructureValidator] WARNING [missing_shortdesc]: 'characteristics_of_equity_shares/share_premium.dita' — <shortdesc> element is missing — required for search previews and navigation
2026-05-15 07:25:52,901 [WARNING] utils.structure_validator: [StructureValidator] WARNING [missing_shortdesc]: 'characteristics_of_equity_shares/public_investors.dita' — <shortdesc> element is missing — required for search previews and navigation
2026-05-15 07:25:52,902 [WARNING] utils.structure_validator: [StructureValidator] WARNING [missing_shortdesc]: 'characteristics_of_equity_shares/ownership_rights_2.dita' — <shortdesc> element is missing — required for search previews and navigation
2026-05-15 07:25:52,902 [WARNING] utils.structure_validator: [StructureValidator] WARNING [missing_shortdesc]: 'characteristics_of_equity_shares/characteristics_of_equity_shares.dita' — <shortdesc> element is missing — required for search previews and navigation
2026-05-15 07:25:52,902 [WARNING] utils.structure_validator: [StructureValidator] WARNING [missing_shortdesc]: 'characteristics_of_equity_shares/no_fixed_return.dita' — <shortdesc> element is missing — required for search previews and navigation
2026-05-15 07:25:52,903 [WARNING] utils.structure_validator: [StructureValidator] WARNING [missing_shortdesc]: 'characteristics_of_equity_shares/stock_split_and_consolidation.dita' — <shortdesc> element is missing — required for search previews and navigation
2026-05-15 07:25:52,903 [WARNING] utils.structure_validator: [StructureValidator] WARNING [missing_shortdesc]: 'characteristics_of_equity_shares/investors_in_equity_shares.dita' — <shortdesc> element is missing — required for search previews and navigation
2026-05-15 07:25:52,904 [WARNING] utils.structure_validator: [StructureValidator] WARNING [missing_shortdesc]: 'characteristics_of_equity_shares/corporate_actions.dita' — <shortdesc> element is missing — required for search previews and navigation
2026-05-15 07:25:52,904 [WARNING] utils.structure_validator: [StructureValidator] WARNING [missing_shortdesc]: 'characteristics_of_equity_shares/risks_in_equity_investing.dita' — <shortdesc> element is missing — required for search previews and navigation
2026-05-15 07:25:52,905 [WARNING] utils.structure_validator: [StructureValidator] WARNING [missing_shortdesc]: 'characteristics_of_equity_shares/bonus_issue.dita' — <shortdesc> element is missing — required for search previews and navigation
2026-05-15 07:25:52,905 [WARNING] utils.structure_validator: [StructureValidator] WARNING [missing_shortdesc]: 'characteristics_of_equity_shares/liquidity_risk.dita' — <shortdesc> element is missing — required for search previews and navigation
2026-05-15 07:25:52,905 [WARNING] utils.structure_validator: [StructureValidator] WARNING [missing_shortdesc]: 'characteristics_of_equity_shares/rights_issue_of_shares.dita' — <shortdesc> element is missing — required for search previews and navigation
2026-05-15 07:25:52,906 [WARNING] utils.structure_validator: [StructureValidator] WARNING [missing_shortdesc]: 'characteristics_of_equity_shares/paid_up_capital.dita' — <shortdesc> element is missing — required for search previews and navigation
2026-05-15 07:25:52,906 [WARNING] utils.structure_validator: [StructureValidator] WARNING [missing_shortdesc]: 'characteristics_of_equity_shares/buyback_of_shares.dita' — <shortdesc> element is missing — required for search previews and navigation
2026-05-15 07:25:52,907 [WARNING] utils.structure_validator: [StructureValidator] WARNING [missing_shortdesc]: 'characteristics_of_equity_shares/no_fixed_tenor.dita' — <shortdesc> element is missing — required for search previews and navigation
2026-05-15 07:25:52,907 [WARNING] utils.structure_validator: [StructureValidator] WARNING [missing_shortdesc]: 'characteristics_of_equity_shares/partly_paid_up_shares.dita' — <shortdesc> element is missing — required for search previews and navigation
2026-05-15 07:25:52,907 [WARNING] utils.structure_validator: [StructureValidator] WARNING [missing_shortdesc]: 'characteristics_of_equity_shares/ownership_transfer_rights.dita' — <shortdesc> element is missing — required for search previews and navigation
2026-05-15 07:25:52,908 [WARNING] utils.structure_validator: [StructureValidator] WARNING [missing_shortdesc]: 'characteristics_of_equity_shares/rights_of_a_shareholder.dita' — <shortdesc> element is missing — required for search previews and navigation
2026-05-15 07:25:52,908 [WARNING] utils.structure_validator: [StructureValidator] WARNING [missing_shortdesc]: 'characteristics_of_equity_shares/authorised_capital.dita' — <shortdesc> element is missing — required for search previews and navigation
2026-05-15 07:25:52,909 [WARNING] utils.structure_validator: [StructureValidator] WARNING [missing_shortdesc]: 'characteristics_of_equity_shares/outstanding_shares.dita' — <shortdesc> element is missing — required for search previews and navigation
2026-05-15 07:25:52,909 [WARNING] utils.structure_validator: [StructureValidator] WARNING [empty_body]: 'characteristics_of_equity_shares/equity_terminology.dita' — <conbody> exists but has no child elements or text content
2026-05-15 07:25:52,909 [WARNING] utils.structure_validator: [StructureValidator] WARNING [missing_shortdesc]: 'characteristics_of_equity_shares/equity_terminology.dita' — <shortdesc> element is missing — required for search previews and navigation
2026-05-15 07:25:52,910 [WARNING] utils.structure_validator: [StructureValidator] WARNING [missing_shortdesc]: 'characteristics_of_equity_shares/chapter_2_sample_questions.dita' — <shortdesc> element is missing — required for search previews and navigation
2026-05-15 07:25:52,910 [WARNING] utils.structure_validator: [StructureValidator] WARNING [missing_shortdesc]: 'characteristics_of_equity_shares/no_collateral_security.dita' — <shortdesc> element is missing — required for search previews and navigation
2026-05-15 07:25:52,910 [WARNING] utils.structure_validator: [StructureValidator] WARNING [missing_shortdesc]: 'characteristics_of_equity_shares/other_rights.dita' — <shortdesc> element is missing — required for search previews and navigation
2026-05-15 07:25:52,911 [WARNING] utils.structure_validator: [StructureValidator] WARNING [missing_shortdesc]: 'characteristics_of_equity_shares/issued_capital.dita' — <shortdesc> element is missing — required for search previews and navigation
2026-05-15 07:25:52,911 [WARNING] utils.structure_validator: [StructureValidator] WARNING [missing_shortdesc]: 'characteristics_of_equity_shares/institutional_investors.dita' — <shortdesc> element is missing — required for search previews and navigation
2026-05-15 07:25:52,912 [WARNING] utils.structure_validator: [StructureValidator] WARNING [missing_shortdesc]: 'characteristics_of_equity_shares/right_to_dividend.dita' — <shortdesc> element is missing — required for search previews and navigation
2026-05-15 07:25:52,912 [WARNING] utils.structure_validator: [StructureValidator] WARNING [missing_shortdesc]: 'characteristics_of_equity_shares/dividend.dita' — <shortdesc> element is missing — required for search previews and navigation
2026-05-15 07:25:52,912 [WARNING] utils.structure_validator: [StructureValidator] WARNING [missing_shortdesc]: 'characteristics_of_equity_shares/preferential_issue.dita' — <shortdesc> element is missing — required for search previews and navigation
2026-05-15 07:25:52,913 [WARNING] utils.structure_validator: [StructureValidator] WARNING [missing_shortdesc]: 'characteristics_of_equity_shares/preference_shares_2.dita' — <shortdesc> element is missing — required for search previews and navigation
2026-05-15 07:25:52,913 [WARNING] utils.structure_validator: [StructureValidator] WARNING [missing_shortdesc]: 'characteristics_of_equity_shares/promoters.dita' — <shortdesc> element is missing — required for search previews and navigation
2026-05-15 07:25:52,914 [WARNING] utils.structure_validator: [StructureValidator] WARNING [missing_shortdesc]: 'characteristics_of_equity_shares/fully_paid_up_shares.dita' — <shortdesc> element is missing — required for search previews and navigation
2026-05-15 07:25:52,914 [WARNING] utils.structure_validator: [StructureValidator] WARNING [missing_shortdesc]: 'characteristics_of_equity_shares/face_value.dita' — <shortdesc> element is missing — required for search previews and navigation
2026-05-15 07:25:52,915 [WARNING] utils.structure_validator: [StructureValidator] WARNING [missing_shortdesc]: 'introduction_to_securities/rights_of_the_contributors.dita' — <shortdesc> element is missing — required for search previews and navigation
2026-05-15 07:25:52,915 [WARNING] utils.structure_validator: [StructureValidator] WARNING [missing_shortdesc]: 'introduction_to_securities/contributors.dita' — <shortdesc> element is missing — required for search previews and navigation
2026-05-15 07:25:52,916 [WARNING] utils.structure_validator: [StructureValidator] WARNING [missing_shortdesc]: 'introduction_to_securities/uncertain_pay_outs.dita' — <shortdesc> element is missing — required for search previews and navigation
2026-05-15 07:25:52,916 [WARNING] utils.structure_validator: [StructureValidator] WARNING [missing_shortdesc]: 'introduction_to_securities/preference_shares.dita' — <shortdesc> element is missing — required for search previews and navigation
2026-05-15 07:25:52,916 [WARNING] utils.structure_validator: [StructureValidator] WARNING [missing_shortdesc]: 'introduction_to_securities/limited_liability.dita' — <shortdesc> element is missing — required for search previews and navigation
2026-05-15 07:25:52,917 [WARNING] utils.structure_validator: [StructureValidator] WARNING [missing_shortdesc]: 'introduction_to_securities/chapter_1_sample_questions.dita' — <shortdesc> element is missing — required for search previews and navigation
2026-05-15 07:25:52,917 [WARNING] utils.structure_validator: [StructureValidator] WARNING [missing_shortdesc]: 'introduction_to_securities/hybrid_structures.dita' — <shortdesc> element is missing — required for search previews and navigation
2026-05-15 07:25:52,918 [WARNING] utils.structure_validator: [StructureValidator] WARNING [missing_shortdesc]: 'introduction_to_securities/cost_of_capital.dita' — <shortdesc> element is missing — required for search previews and navigation
2026-05-15 07:25:52,918 [WARNING] utils.structure_validator: [StructureValidator] WARNING [missing_shortdesc]: 'introduction_to_securities/ownership_rights.dita' — <shortdesc> element is missing — required for search previews and navigation
2026-05-15 07:25:52,919 [WARNING] utils.structure_validator: [StructureValidator] WARNING [missing_shortdesc]: 'introduction_to_securities/perpetuity.dita' — <shortdesc> element is missing — required for search previews and navigation
2026-05-15 07:25:52,919 [WARNING] utils.structure_validator: [StructureValidator] WARNING [missing_shortdesc]: 'introduction_to_securities/introduction_to_securities.dita' — <shortdesc> element is missing — required for search previews and navigation
2026-05-15 07:25:52,919 [WARNING] utils.structure_validator: [StructureValidator] WARNING [missing_shortdesc]: 'introduction_to_securities/convertible_debentures.dita' — <shortdesc> element is missing — required for search previews and navigation
2026-05-15 07:25:52,920 [WARNING] utils.structure_validator: [StructureValidator] WARNING [missing_shortdesc]: 'introduction_to_securities/liquidity.dita' — <shortdesc> element is missing — required for search previews and navigation
2026-05-15 07:25:52,920 [WARNING] utils.structure_validator: [StructureValidator] WARNING [missing_shortdesc]: 'introduction_to_securities/features_of_equity_capital_and_benefits_to_equity_investors.dita' — <shortdesc> element is missing — required for search previews and navigation
2026-05-15 07:25:52,921 [WARNING] utils.structure_validator: [StructureValidator] WARNING [missing_shortdesc]: 'introduction_to_securities/introduction_to_equity_and_debt.dita' — <shortdesc> element is missing — required for search previews and navigation
2026-05-15 07:25:52,921 [WARNING] utils.structure_validator: [StructureValidator] WARNING [missing_shortdesc]: 'introduction_to_securities/time_period.dita' — <shortdesc> element is missing — required for search previews and navigation
2026-05-15 07:25:52,922 [WARNING] utils.structure_validator: [StructureValidator] WARNING [missing_shortdesc]: 'introduction_to_securities/features_of_debt_capital_and_benefits_to_debt_investors.dita' — <shortdesc> element is missing — required for search previews and navigation
2026-05-15 07:25:52,922 [WARNING] utils.structure_validator: [StructureValidator] WARNING [missing_shortdesc]: 'characteristics_of_other_securities/convertible_debentures_2.dita' — <shortdesc> element is missing — required for search previews and navigation
2026-05-15 07:25:52,923 [WARNING] utils.structure_validator: [StructureValidator] WARNING [section_missing_title]: 'characteristics_of_other_securities/exchange_traded_funds_and_index_funds.dita' — <section> #1 has no <title> — recommended for DITA compliance
2026-05-15 07:25:52,923 [WARNING] utils.structure_validator: [StructureValidator] WARNING [table_missing_title]: 'characteristics_of_other_securities/exchange_traded_funds_and_index_funds.dita' — <table> #1 has no <title> element — required for accessibility and DITA compliance
2026-05-15 07:25:52,923 [WARNING] utils.structure_validator: [StructureValidator] WARNING [missing_shortdesc]: 'characteristics_of_other_securities/exchange_traded_funds_and_index_funds.dita' — <shortdesc> element is missing — required for search previews and navigation
2026-05-15 07:25:52,923 [WARNING] utils.structure_validator: [StructureValidator] WARNING [missing_shortdesc]: 'characteristics_of_other_securities/real_estate_investment_trusts_reits.dita' — <shortdesc> element is missing — required for search previews and navigation
2026-05-15 07:25:52,924 [WARNING] utils.structure_validator: [StructureValidator] WARNING [missing_shortdesc]: 'characteristics_of_other_securities/warrants.dita' — <shortdesc> element is missing — required for search previews and navigation
2026-05-15 07:25:52,924 [WARNING] utils.structure_validator: [StructureValidator] WARNING [missing_shortdesc]: 'characteristics_of_other_securities/characteristics_of_other_securities.dita' — <shortdesc> element is missing — required for search previews and navigation
2026-05-15 07:25:52,925 [WARNING] utils.structure_validator: [StructureValidator] WARNING [missing_shortdesc]: 'characteristics_of_other_securities/infrastructure_investment_trusts_invits.dita' — <shortdesc> element is missing — required for search previews and navigation
2026-05-15 07:25:52,925 [WARNING] utils.structure_validator: [StructureValidator] WARNING [missing_shortdesc]: 'characteristics_of_other_securities/foreign_currency_convertible_bonds.dita' — <shortdesc> element is missing — required for search previews and navigation
2026-05-15 07:25:52,925 [WARNING] utils.structure_validator: [StructureValidator] WARNING [missing_shortdesc]: 'characteristics_of_other_securities/depository_receipts.dita' — <shortdesc> element is missing — required for search previews and navigation
2026-05-15 07:25:52,926 [WARNING] utils.structure_validator: [StructureValidator] WARNING [missing_shortdesc]: 'characteristics_of_other_securities/investment_trusts.dita' — <shortdesc> element is missing — required for search previews and navigation
2026-05-15 07:25:52,926 [WARNING] utils.structure_validator: [StructureValidator] WARNING [missing_shortdesc]: 'characteristics_of_other_securities/chapter_4_sample_questions.dita' — <shortdesc> element is missing — required for search previews and navigation
2026-05-15 07:25:52,927 [INFO] utils.structure_validator: [StructureValidator] Complete — CRITICAL=0, WARNING=97 | dita_files=91, broken_xml=0, empty=2, broken_dita_refs=0, broken_maprefs=0, orphans=0, duplicate_ids=0, broken_xrefs=0, filename_spaces=0
2026-05-15 07:25:52,928 [INFO] pipeline.enrich_runner: [EnrichPipeline] Validation done — CRITICAL=0, WARNING=97 | broken_xml=0, empty=2, broken_refs=0, orphans=0
2026-05-15 07:25:52,928 [INFO] pipeline.enrich_runner: [EnrichPipeline] ── Safe Fixer: Zone 1 auto-fixes ──
2026-05-15 07:25:52,930 [INFO] utils.dita_safe_fixer: [SafeFixer] FIXED: characteristics_of_debt_securities/types_of_debt_securities.dita — expanded self-closing <conbody/> to explicit open/close tags
2026-05-15 07:25:52,931 [INFO] utils.dita_safe_fixer: [SafeFixer] FIXED: characteristics_of_equity_shares/equity_terminology.dita — expanded self-closing <conbody/> to explicit open/close tags
2026-05-15 07:25:52,935 [INFO] utils.dita_safe_fixer: [SafeFixer] Complete — 2 fix(es) applied, 0 write failure(s)
2026-05-15 07:25:52,935 [INFO] pipeline.enrich_runner: [EnrichPipeline] Safe fixes applied=2, write_failures=0
2026-05-15 07:25:52,936 [INFO] pipeline.enrich_runner: [EnrichPipeline] Marked 2 empty topic(s) to skip enrichment
2026-05-15 07:25:52,945 [INFO] pipeline.enrich_runner: [EnrichPipeline] ── Extracting document context from DITA files ──
2026-05-15 07:25:52,954 [INFO] utils.document_context_extractor: [DocContext] extract_context_from_dita — 91 files found, stem='workbook_for_nism_series_ii_b_registrars_to_an_issue_and_share_transfer_agents_map'
2026-05-15 07:25:52,954 [INFO] utils.document_context_extractor: [DocContext] Extracting document-level context from: /app/output/f2ced2d0-20eb-4012-8b06-ccca5d54e78d/workbook_for_nism_series_ii_b_registrars_to_an_issue_and_share_transfer_agents_map.ditamap
2026-05-15 07:25:52,954 [INFO] utils.document_context_extractor: [DocContext] Aggregated content from 91 files
2026-05-15 07:25:53,332 [INFO] httpx: HTTP Request: POST https://api.anthropic.com/v1/messages "HTTP/1.1 401 Unauthorized"
2026-05-15 07:25:53,333 [WARNING] utils.document_context_extractor: [DocContext] AI extraction failed: Error code: 401 - {'type': 'error', 'error': {'type': 'authentication_error', 'message': 'invalid x-api-key'}, 'request_id': 'req_011Cb3xSw7UGJVYDCQ5mLHvd'}
2026-05-15 07:25:53,333 [INFO] utils.document_context_extractor: [DocContext] AI confidence low (0.00), using heuristic for task_type only
2026-05-15 07:25:53,335 [INFO] utils.document_context_extractor: [DocContext] Heuristic task_type: 'annual maintenance'
2026-05-15 07:25:53,335 [INFO] utils.document_context_extractor: [DocContext] Final context: {'prodname': 'workbook_for_nism_series_ii_b_registrars_to_an_issue_and_share_transfer_agents_map', 'prodname_confirmed': False, 'equipment_name': '', 'task_type': 'annual maintenance', 'document_keywords': ['annual maintenance'], 'extraction_method': 'heuristic', 'confidence': 0.0}
2026-05-15 07:25:53,335 [INFO] pipeline.enrich_runner: [EnrichPipeline] prodname 'workbook_for_nism_series_ii_b_registrars_to_an_issue_and_share_transfer_agents_map' is AI-inferred — clearing so DITA gets empty <prodname>
2026-05-15 07:25:53,335 [INFO] pipeline.enrich_runner: [EnrichPipeline] Context — prodname='', equipment='', task_type='annual maintenance', method=heuristic, confidence=0.00
2026-05-15 07:25:53,336 [INFO] utils.core_log_parser: [CoreLogParser] Using most recent report: NISM_Book_report.txt
2026-05-15 07:25:53,338 [INFO] utils.core_log_parser: [CoreLogParser] Parsed core report 'NISM_Book_report.txt' — 97 topics, 0 errors
2026-05-15 07:25:53,339 [INFO] utils.core_log_parser: [CoreLogParser] Using most recent report: NISM_Book_report.txt
2026-05-15 07:25:53,340 [INFO] pipeline.enrich_runner: [EnrichPipeline] ── Backend Report (core _report.txt) ──────────────
2026-05-15 07:25:53,340 [INFO] pipeline.enrich_runner: [BackendReport] [Core Engine] total=97, passed=97, failed=0, root_map=characteristics_of_debt_securities_map.ditamap, images=0
2026-05-15 07:25:53,340 [INFO] pipeline.enrich_runner: [BackendReport] [Core Files]
2026-05-15 07:25:53,340 [INFO] pipeline.enrich_runner: [BackendReport]   characteristics_of_debt_securities/amortising_bonds.dita: type=concept, status=PASS
2026-05-15 07:25:53,340 [INFO] pipeline.enrich_runner: [BackendReport]   characteristics_of_debt_securities/asset_backed_securities.dita: type=concept, status=PASS
2026-05-15 07:25:53,341 [INFO] pipeline.enrich_runner: [BackendReport]   characteristics_of_debt_securities/chapter_3_sample_questions.dita: type=task, status=PASS
2026-05-15 07:25:53,341 [INFO] pipeline.enrich_runner: [BackendReport]   characteristics_of_debt_securities/characteristics_of_debt_securities.dita: type=concept, status=PASS
2026-05-15 07:25:53,341 [INFO] pipeline.enrich_runner: [BackendReport]   characteristics_of_debt_securities/classification_of_debt_market.dita: type=concept, status=PASS
2026-05-15 07:25:53,341 [INFO] pipeline.enrich_runner: [BackendReport]   characteristics_of_debt_securities/convertible_debt_securities.dita: type=concept, status=PASS
2026-05-15 07:25:53,341 [INFO] pipeline.enrich_runner: [BackendReport]   characteristics_of_debt_securities/credit_rating.dita: type=concept, status=PASS
2026-05-15 07:25:53,341 [INFO] pipeline.enrich_runner: [BackendReport]   characteristics_of_debt_securities/current_yield.dita: type=concept, status=PASS
2026-05-15 07:25:53,341 [INFO] pipeline.enrich_runner: [BackendReport]   characteristics_of_debt_securities/features_of_a_debt_security.dita: type=concept, status=PASS
2026-05-15 07:25:53,341 [INFO] pipeline.enrich_runner: [BackendReport]   characteristics_of_debt_securities/fixed_rate_bonds.dita: type=concept, status=PASS
2026-05-15 07:25:53,341 [INFO] pipeline.enrich_runner: [BackendReport]   characteristics_of_debt_securities/floating_rate_bonds.dita: type=concept, status=PASS
2026-05-15 07:25:53,341 [INFO] pipeline.enrich_runner: [BackendReport]   characteristics_of_debt_securities/inflation_indexed_bonds.dita: type=concept, status=PASS
2026-05-15 07:25:53,341 [INFO] pipeline.enrich_runner: [BackendReport]   characteristics_of_debt_securities/market_value_of_a_debt_security.dita: type=concept, status=PASS
2026-05-15 07:25:53,341 [INFO] pipeline.enrich_runner: [BackendReport]   characteristics_of_debt_securities/money_market_instruments.dita: type=concept, status=PASS
2026-05-15 07:25:53,341 [INFO] pipeline.enrich_runner: [BackendReport]   characteristics_of_debt_securities/other_types_of_bonds.dita: type=concept, status=PASS
2026-05-15 07:25:53,341 [INFO] pipeline.enrich_runner: [BackendReport]   characteristics_of_debt_securities/types_of_debt_securities.dita: type=concept, status=PASS
2026-05-15 07:25:53,341 [INFO] pipeline.enrich_runner: [BackendReport]   characteristics_of_debt_securities/unrated_bonds.dita: type=concept, status=PASS
2026-05-15 07:25:53,341 [INFO] pipeline.enrich_runner: [BackendReport]   characteristics_of_debt_securities/yield_from_debt_instruments.dita: type=concept, status=PASS
2026-05-15 07:25:53,341 [INFO] pipeline.enrich_runner: [BackendReport]   characteristics_of_debt_securities/yield_to_maturity_ytm.dita: type=concept, status=PASS
2026-05-15 07:25:53,342 [INFO] pipeline.enrich_runner: [BackendReport]   characteristics_of_debt_securities/zero_coupon_bond.dita: type=concept, status=PASS
2026-05-15 07:25:53,342 [INFO] pipeline.enrich_runner: [BackendReport]   characteristics_of_equity_shares/authorised_capital.dita: type=concept, status=PASS
2026-05-15 07:25:53,342 [INFO] pipeline.enrich_runner: [BackendReport]   characteristics_of_equity_shares/bonus_issue.dita: type=concept, status=PASS
2026-05-15 07:25:53,342 [INFO] pipeline.enrich_runner: [BackendReport]   characteristics_of_equity_shares/buyback_of_shares.dita: type=concept, status=PASS
2026-05-15 07:25:53,342 [INFO] pipeline.enrich_runner: [BackendReport]   characteristics_of_equity_shares/chapter_2_sample_questions.dita: type=task, status=PASS
2026-05-15 07:25:53,342 [INFO] pipeline.enrich_runner: [BackendReport]   characteristics_of_equity_shares/characteristics_of_equity_shares.dita: type=concept, status=PASS
2026-05-15 07:25:53,342 [INFO] pipeline.enrich_runner: [BackendReport]   characteristics_of_equity_shares/corporate_actions.dita: type=concept, status=PASS
2026-05-15 07:25:53,342 [INFO] pipeline.enrich_runner: [BackendReport]   characteristics_of_equity_shares/dividend.dita: type=concept, status=PASS
2026-05-15 07:25:53,342 [INFO] pipeline.enrich_runner: [BackendReport]   characteristics_of_equity_shares/equity_terminology.dita: type=concept, status=PASS
2026-05-15 07:25:53,342 [INFO] pipeline.enrich_runner: [BackendReport]   characteristics_of_equity_shares/face_value.dita: type=concept, status=PASS
2026-05-15 07:25:53,342 [INFO] pipeline.enrich_runner: [BackendReport]   characteristics_of_equity_shares/fully_paid_up_shares.dita: type=concept, status=PASS
2026-05-15 07:25:53,342 [INFO] pipeline.enrich_runner: [BackendReport]   characteristics_of_equity_shares/institutional_investors.dita: type=concept, status=PASS
2026-05-15 07:25:53,342 [INFO] pipeline.enrich_runner: [BackendReport]   characteristics_of_equity_shares/investors_in_equity_shares.dita: type=concept, status=PASS
2026-05-15 07:25:53,342 [INFO] pipeline.enrich_runner: [BackendReport]   characteristics_of_equity_shares/issued_capital.dita: type=concept, status=PASS
2026-05-15 07:25:53,343 [INFO] pipeline.enrich_runner: [BackendReport]   characteristics_of_equity_shares/liquidity_risk.dita: type=concept, status=PASS
2026-05-15 07:25:53,343 [INFO] pipeline.enrich_runner: [BackendReport]   characteristics_of_equity_shares/no_collateral_security.dita: type=concept, status=PASS
2026-05-15 07:25:53,343 [INFO] pipeline.enrich_runner: [BackendReport]   characteristics_of_equity_shares/no_fixed_return.dita: type=concept, status=PASS
2026-05-15 07:25:53,343 [INFO] pipeline.enrich_runner: [BackendReport]   characteristics_of_equity_shares/no_fixed_tenor.dita: type=concept, status=PASS
2026-05-15 07:25:53,343 [INFO] pipeline.enrich_runner: [BackendReport]   characteristics_of_equity_shares/other_rights.dita: type=concept, status=PASS
2026-05-15 07:25:53,343 [INFO] pipeline.enrich_runner: [BackendReport]   characteristics_of_equity_shares/outstanding_shares.dita: type=concept, status=PASS
2026-05-15 07:25:53,343 [INFO] pipeline.enrich_runner: [BackendReport]   characteristics_of_equity_shares/ownership_rights_2.dita: type=concept, status=PASS
2026-05-15 07:25:53,343 [INFO] pipeline.enrich_runner: [BackendReport]   characteristics_of_equity_shares/ownership_transfer_rights.dita: type=concept, status=PASS
2026-05-15 07:25:53,343 [INFO] pipeline.enrich_runner: [BackendReport]   characteristics_of_equity_shares/paid_up_capital.dita: type=concept, status=PASS
2026-05-15 07:25:53,343 [INFO] pipeline.enrich_runner: [BackendReport]   characteristics_of_equity_shares/partly_paid_up_shares.dita: type=concept, status=PASS
2026-05-15 07:25:53,343 [INFO] pipeline.enrich_runner: [BackendReport]   characteristics_of_equity_shares/preference_shares_2.dita: type=concept, status=PASS
2026-05-15 07:25:53,343 [INFO] pipeline.enrich_runner: [BackendReport]   characteristics_of_equity_shares/preferential_issue.dita: type=concept, status=PASS
2026-05-15 07:25:53,343 [INFO] pipeline.enrich_runner: [BackendReport]   characteristics_of_equity_shares/promoters.dita: type=concept, status=PASS
2026-05-15 07:25:53,344 [INFO] pipeline.enrich_runner: [BackendReport]   characteristics_of_equity_shares/public_investors.dita: type=concept, status=PASS
2026-05-15 07:25:53,344 [INFO] pipeline.enrich_runner: [BackendReport]   characteristics_of_equity_shares/right_to_dividend.dita: type=concept, status=PASS
2026-05-15 07:25:53,344 [INFO] pipeline.enrich_runner: [BackendReport]   characteristics_of_equity_shares/rights_issue_of_shares.dita: type=concept, status=PASS
2026-05-15 07:25:53,344 [INFO] pipeline.enrich_runner: [BackendReport]   characteristics_of_equity_shares/rights_of_a_shareholder.dita: type=concept, status=PASS
2026-05-15 07:25:53,344 [INFO] pipeline.enrich_runner: [BackendReport]   characteristics_of_equity_shares/risks_in_equity_investing.dita: type=concept, status=PASS
2026-05-15 07:25:53,344 [INFO] pipeline.enrich_runner: [BackendReport]   characteristics_of_equity_shares/share_premium.dita: type=concept, status=PASS
2026-05-15 07:25:53,344 [INFO] pipeline.enrich_runner: [BackendReport]   characteristics_of_equity_shares/stock_split_and_consolidation.dita: type=concept, status=PASS
2026-05-15 07:25:53,344 [INFO] pipeline.enrich_runner: [BackendReport]   characteristics_of_other_securities/chapter_4_sample_questions.dita: type=task, status=PASS
2026-05-15 07:25:53,344 [INFO] pipeline.enrich_runner: [BackendReport]   characteristics_of_other_securities/characteristics_of_other_securities.dita: type=concept, status=PASS
2026-05-15 07:25:53,344 [INFO] pipeline.enrich_runner: [BackendReport]   characteristics_of_other_securities/convertible_debentures_2.dita: type=concept, status=PASS
2026-05-15 07:25:53,344 [INFO] pipeline.enrich_runner: [BackendReport]   characteristics_of_other_securities/depository_receipts.dita: type=concept, status=PASS
2026-05-15 07:25:53,344 [INFO] pipeline.enrich_runner: [BackendReport]   characteristics_of_other_securities/exchange_traded_funds_and_index_funds.dita: type=reference, status=PASS
2026-05-15 07:25:53,344 [INFO] pipeline.enrich_runner: [BackendReport]   characteristics_of_other_securities/foreign_currency_convertible_bonds.dita: type=concept, status=PASS
2026-05-15 07:25:53,344 [INFO] pipeline.enrich_runner: [BackendReport]   characteristics_of_other_securities/infrastructure_investment_trusts_invits.dita: type=concept, status=PASS
2026-05-15 07:25:53,344 [INFO] pipeline.enrich_runner: [BackendReport]   characteristics_of_other_securities/investment_trusts.dita: type=concept, status=PASS
2026-05-15 07:25:53,345 [INFO] pipeline.enrich_runner: [BackendReport]   characteristics_of_other_securities/real_estate_investment_trusts_reits.dita: type=concept, status=PASS
2026-05-15 07:25:53,345 [INFO] pipeline.enrich_runner: [BackendReport]   characteristics_of_other_securities/warrants.dita: type=concept, status=PASS
2026-05-15 07:25:53,345 [INFO] pipeline.enrich_runner: [BackendReport]   introduction_to_securities/chapter_1_sample_questions.dita: type=task, status=PASS
2026-05-15 07:25:53,345 [INFO] pipeline.enrich_runner: [BackendReport]   introduction_to_securities/contributors.dita: type=concept, status=PASS
2026-05-15 07:25:53,345 [INFO] pipeline.enrich_runner: [BackendReport]   introduction_to_securities/convertible_debentures.dita: type=concept, status=PASS
2026-05-15 07:25:53,345 [INFO] pipeline.enrich_runner: [BackendReport]   introduction_to_securities/cost_of_capital.dita: type=concept, status=PASS
2026-05-15 07:25:53,345 [INFO] pipeline.enrich_runner: [BackendReport]   introduction_to_securities/features_of_debt_capital_and_benefits_to_debt_investors.dita: type=concept, status=PASS
2026-05-15 07:25:53,345 [INFO] pipeline.enrich_runner: [BackendReport]   introduction_to_securities/features_of_equity_capital_and_benefits_to_equity_investors.dita: type=concept, status=PASS
2026-05-15 07:25:53,345 [INFO] pipeline.enrich_runner: [BackendReport]   introduction_to_securities/hybrid_structures.dita: type=concept, status=PASS
2026-05-15 07:25:53,345 [INFO] pipeline.enrich_runner: [BackendReport]   introduction_to_securities/introduction_to_equity_and_debt.dita: type=concept, status=PASS
2026-05-15 07:25:53,345 [INFO] pipeline.enrich_runner: [BackendReport]   introduction_to_securities/introduction_to_securities.dita: type=concept, status=PASS
2026-05-15 07:25:53,345 [INFO] pipeline.enrich_runner: [BackendReport]   introduction_to_securities/limited_liability.dita: type=concept, status=PASS
2026-05-15 07:25:53,345 [INFO] pipeline.enrich_runner: [BackendReport]   introduction_to_securities/liquidity.dita: type=concept, status=PASS
2026-05-15 07:25:53,346 [INFO] pipeline.enrich_runner: [BackendReport]   introduction_to_securities/ownership_rights.dita: type=concept, status=PASS
2026-05-15 07:25:53,346 [INFO] pipeline.enrich_runner: [BackendReport]   introduction_to_securities/perpetuity.dita: type=concept, status=PASS
2026-05-15 07:25:53,346 [INFO] pipeline.enrich_runner: [BackendReport]   introduction_to_securities/preference_shares.dita: type=concept, status=PASS
2026-05-15 07:25:53,346 [INFO] pipeline.enrich_runner: [BackendReport]   introduction_to_securities/rights_of_the_contributors.dita: type=concept, status=PASS
2026-05-15 07:25:53,346 [INFO] pipeline.enrich_runner: [BackendReport]   introduction_to_securities/time_period.dita: type=concept, status=PASS
2026-05-15 07:25:53,346 [INFO] pipeline.enrich_runner: [BackendReport]   introduction_to_securities/uncertain_pay_outs.dita: type=concept, status=PASS
2026-05-15 07:25:53,346 [INFO] pipeline.enrich_runner: [BackendReport]   workbook_for_nism_series_ii_b_registrars_to_an_issue_and_share_transfer_agents/about_nism_certifications.dita: type=concept, status=PASS
2026-05-15 07:25:53,346 [INFO] pipeline.enrich_runner: [BackendReport]   workbook_for_nism_series_ii_b_registrars_to_an_issue_and_share_transfer_agents/about_the_certification_examination_for_registrars_to_an_issue_and_share.dita: type=concept, status=PASS
2026-05-15 07:25:53,346 [INFO] pipeline.enrich_runner: [BackendReport]   workbook_for_nism_series_ii_b_registrars_to_an_issue_and_share_transfer_agents/acknowledgement.dita: type=concept, status=PASS
2026-05-15 07:25:53,346 [INFO] pipeline.enrich_runner: [BackendReport]   workbook_for_nism_series_ii_b_registrars_to_an_issue_and_share_transfer_agents/assessment_structure.dita: type=concept, status=PASS
2026-05-15 07:25:53,346 [INFO] pipeline.enrich_runner: [BackendReport]   workbook_for_nism_series_ii_b_registrars_to_an_issue_and_share_transfer_agents/disclaimer.dita: type=concept, status=PASS
2026-05-15 07:25:53,346 [INFO] pipeline.enrich_runner: [BackendReport]   workbook_for_nism_series_ii_b_registrars_to_an_issue_and_share_transfer_agents/examination_objectives.dita: type=concept, status=PASS
2026-05-15 07:25:53,346 [INFO] pipeline.enrich_runner: [BackendReport]   workbook_for_nism_series_ii_b_registrars_to_an_issue_and_share_transfer_agents/foreword.dita: type=concept, status=PASS
2026-05-15 07:25:53,346 [INFO] pipeline.enrich_runner: [BackendReport]   workbook_for_nism_series_ii_b_registrars_to_an_issue_and_share_transfer_agents/how_to_register_and_take_the_examination.dita: type=concept, status=PASS
2026-05-15 07:25:53,346 [INFO] pipeline.enrich_runner: [BackendReport]   workbook_for_nism_series_ii_b_registrars_to_an_issue_and_share_transfer_agents/important.dita: type=concept, status=PASS
2026-05-15 07:25:53,347 [INFO] pipeline.enrich_runner: [BackendReport]   workbook_for_nism_series_ii_b_registrars_to_an_issue_and_share_transfer_agents/nism_series_ii_b_registrars_to_an_issue_and_share_transfer_agents_mutual_fund.dita: type=reference, status=PASS
2026-05-15 07:25:53,347 [INFO] pipeline.enrich_runner: [BackendReport]   workbook_for_nism_series_ii_b_registrars_to_an_issue_and_share_transfer_agents/workbook_for_nism_series_ii_b_registrars_to_an_issue_and_share_transfer_agents.dita: type=concept, status=PASS
2026-05-15 07:25:53,347 [INFO] pipeline.enrich_runner: [BackendReport] [Core DTD] all files passed
2026-05-15 07:25:53,347 [INFO] pipeline.enrich_runner: [BackendReport] [Core Errors] none
2026-05-15 07:25:53,347 [INFO] pipeline.enrich_runner: [BackendReport] [Core Headings] Characteristics Of Debt Securities(20) | Characteristics Of Equity Shares(33) | Characteristics Of Other Securities(10) | Introduction To Securities(17) | Workbook For Nism Series Ii B Registrars To An Issue And Share Transfer Agents(11)
2026-05-15 07:25:53,347 [INFO] pipeline.enrich_runner: [BackendReport] DTD validation: all files passed
2026-05-15 07:25:53,347 [INFO] pipeline.enrich_runner: [EnrichPipeline] ────────────────────────────────────────────────────
2026-05-15 07:25:53,347 [INFO] pipeline.enrich_runner: [EnrichPipeline] ── Layers 1+2+3: Classify + Shortdesc + Keywords ──
2026-05-15 07:25:53,349 [INFO] layers.layer123_enrichment: L123 › 'Amortising Bonds' characteristics_of_debt_securities/amortising_bonds.dita
2026-05-15 07:25:53,352 [INFO] layers.layer123_enrichment: L123 › 'Asset-backed Securities' characteristics_of_debt_securities/asset_backed_securities.dita
2026-05-15 07:25:53,354 [INFO] layers.layer123_enrichment: L123 › 'Chapter 3: Sample Questions' characteristics_of_debt_securities/chapter_3_sample_questions.dita
2026-05-15 07:25:53,357 [INFO] layers.layer123_enrichment: L123 › 'Characteristics of Debt Securities' characteristics_of_debt_securities/characteristics_of_debt_securities.dita
2026-05-15 07:25:53,359 [INFO] layers.layer123_enrichment: L123 › 'Classification of Debt Market' characteristics_of_debt_securities/classification_of_debt_market.dita
2026-05-15 07:25:53,362 [INFO] layers.layer123_enrichment: L123 › 'Convertible Debt Securities' characteristics_of_debt_securities/convertible_debt_securities.dita
2026-05-15 07:25:53,367 [INFO] layers.layer123_enrichment: L123 › 'Credit Rating' characteristics_of_debt_securities/credit_rating.dita
2026-05-15 07:25:53,368 [INFO] layers.layer123_enrichment: L123 › 'Current Yield' characteristics_of_debt_securities/current_yield.dita
2026-05-15 07:25:53,369 [INFO] layers.layer123_enrichment: L123 › 'Features of a Debt Security' characteristics_of_debt_securities/features_of_a_debt_security.dita
2026-05-15 07:25:53,370 [INFO] layers.layer123_enrichment: L123 › 'Fixed Rate Bonds' characteristics_of_debt_securities/fixed_rate_bonds.dita
2026-05-15 07:25:53,372 [INFO] layers.layer123_enrichment: L123 › 'Floating Rate Bonds' characteristics_of_debt_securities/floating_rate_bonds.dita
2026-05-15 07:25:53,372 [INFO] layers.layer123_enrichment: L123 › 'Inflation Indexed Bonds' characteristics_of_debt_securities/inflation_indexed_bonds.dita
2026-05-15 07:25:53,373 [INFO] layers.layer123_enrichment: L123 › 'Market Value of a Debt security' characteristics_of_debt_securities/market_value_of_a_debt_security.dita
2026-05-15 07:25:53,374 [INFO] layers.layer123_enrichment: L123 › 'Money Market Instruments' characteristics_of_debt_securities/money_market_instruments.dita
2026-05-15 07:25:53,375 [INFO] layers.layer123_enrichment: L123 › 'Other types of bonds' characteristics_of_debt_securities/other_types_of_bonds.dita
2026-05-15 07:25:53,375 [INFO] pipeline.enrich_runner: [EnrichPipeline] SKIPPED 'characteristics_of_debt_securities/types_of_debt_securities.dita' — empty topic
2026-05-15 07:25:53,376 [INFO] layers.layer123_enrichment: L123 › 'Unrated Bonds' characteristics_of_debt_securities/unrated_bonds.dita
2026-05-15 07:25:53,377 [INFO] layers.layer123_enrichment: L123 › 'Yield from Debt Instruments' characteristics_of_debt_securities/yield_from_debt_instruments.dita
2026-05-15 07:25:53,378 [INFO] layers.layer123_enrichment: L123 › 'Yield to Maturity (YTM)' characteristics_of_debt_securities/yield_to_maturity_ytm.dita
2026-05-15 07:25:53,379 [INFO] layers.layer123_enrichment: L123 › 'Zero Coupon Bond' characteristics_of_debt_securities/zero_coupon_bond.dita
2026-05-15 07:25:53,380 [INFO] layers.layer123_enrichment: L123 › 'Authorised Capital' characteristics_of_equity_shares/authorised_capital.dita
2026-05-15 07:25:53,381 [INFO] layers.layer123_enrichment: L123 › 'Bonus issue' characteristics_of_equity_shares/bonus_issue.dita
2026-05-15 07:25:53,382 [INFO] layers.layer123_enrichment: L123 › 'Buyback of shares' characteristics_of_equity_shares/buyback_of_shares.dita
2026-05-15 07:25:53,383 [INFO] layers.layer123_enrichment: L123 › 'Chapter 2: Sample Questions' characteristics_of_equity_shares/chapter_2_sample_questions.dita
2026-05-15 07:25:53,384 [INFO] layers.layer123_enrichment: L123 › 'Characteristics of Equity Shares' characteristics_of_equity_shares/characteristics_of_equity_shares.dita
2026-05-15 07:25:53,385 [INFO] layers.layer123_enrichment: L123 › 'Corporate Actions' characteristics_of_equity_shares/corporate_actions.dita
2026-05-15 07:25:53,386 [INFO] layers.layer123_enrichment: L123 › 'Dividend' characteristics_of_equity_shares/dividend.dita
2026-05-15 07:25:53,386 [INFO] pipeline.enrich_runner: [EnrichPipeline] SKIPPED 'characteristics_of_equity_shares/equity_terminology.dita' — empty topic
2026-05-15 07:25:53,387 [INFO] layers.layer123_enrichment: L123 › 'Face Value' characteristics_of_equity_shares/face_value.dita
2026-05-15 07:25:53,388 [INFO] layers.layer123_enrichment: L123 › 'Fully Paid-up Shares' characteristics_of_equity_shares/fully_paid_up_shares.dita
2026-05-15 07:25:53,389 [INFO] layers.layer123_enrichment: L123 › 'Institutional Investors' characteristics_of_equity_shares/institutional_investors.dita
2026-05-15 07:25:53,390 [INFO] layers.layer123_enrichment: L123 › 'Investors in Equity Shares' characteristics_of_equity_shares/investors_in_equity_shares.dita
2026-05-15 07:25:53,391 [INFO] layers.layer123_enrichment: L123 › 'Issued Capital' characteristics_of_equity_shares/issued_capital.dita
2026-05-15 07:25:53,392 [INFO] layers.layer123_enrichment: L123 › 'Liquidity Risk' characteristics_of_equity_shares/liquidity_risk.dita
2026-05-15 07:25:53,393 [INFO] layers.layer123_enrichment: L123 › 'No Collateral Security' characteristics_of_equity_shares/no_collateral_security.dita
2026-05-15 07:25:53,394 [INFO] layers.layer123_enrichment: L123 › 'No Fixed Return' characteristics_of_equity_shares/no_fixed_return.dita
2026-05-15 07:25:53,395 [INFO] layers.layer123_enrichment: L123 › 'No Fixed Tenor' characteristics_of_equity_shares/no_fixed_tenor.dita
2026-05-15 07:25:53,396 [INFO] layers.layer123_enrichment: L123 › 'Other Rights' characteristics_of_equity_shares/other_rights.dita
2026-05-15 07:25:53,398 [INFO] layers.layer123_enrichment: L123 › 'Outstanding shares' characteristics_of_equity_shares/outstanding_shares.dita
2026-05-15 07:25:53,399 [INFO] layers.layer123_enrichment: L123 › 'Ownership Rights' characteristics_of_equity_shares/ownership_rights_2.dita
2026-05-15 07:25:53,399 [INFO] layers.layer123_enrichment: L123 › 'Ownership Transfer Rights' characteristics_of_equity_shares/ownership_transfer_rights.dita
2026-05-15 07:25:53,400 [INFO] layers.layer123_enrichment: L123 › 'Paid-up Capital' characteristics_of_equity_shares/paid_up_capital.dita
2026-05-15 07:25:53,403 [INFO] layers.layer123_enrichment: L123 › 'Partly Paid-up Shares' characteristics_of_equity_shares/partly_paid_up_shares.dita
2026-05-15 07:25:53,404 [INFO] layers.layer123_enrichment: L123 › 'Preference Shares' characteristics_of_equity_shares/preference_shares_2.dita
2026-05-15 07:25:53,405 [INFO] layers.layer123_enrichment: L123 › 'Preferential Issue' characteristics_of_equity_shares/preferential_issue.dita
2026-05-15 07:25:53,406 [INFO] layers.layer123_enrichment: L123 › 'Promoters' characteristics_of_equity_shares/promoters.dita
2026-05-15 07:25:53,407 [INFO] layers.layer123_enrichment: L123 › 'Public Investors' characteristics_of_equity_shares/public_investors.dita
2026-05-15 07:25:53,408 [INFO] layers.layer123_enrichment: L123 › 'Right to Dividend' characteristics_of_equity_shares/right_to_dividend.dita
2026-05-15 07:25:53,409 [INFO] layers.layer123_enrichment: L123 › 'Rights Issue of Shares' characteristics_of_equity_shares/rights_issue_of_shares.dita
2026-05-15 07:25:53,410 [INFO] layers.layer123_enrichment: L123 › 'Rights of a Shareholder' characteristics_of_equity_shares/rights_of_a_shareholder.dita
2026-05-15 07:25:53,411 [INFO] layers.layer123_enrichment: L123 › 'Risks in Equity Investing' characteristics_of_equity_shares/risks_in_equity_investing.dita
2026-05-15 07:25:53,412 [INFO] layers.layer123_enrichment: L123 › 'Share Premium' characteristics_of_equity_shares/share_premium.dita
2026-05-15 07:25:53,413 [INFO] layers.layer123_enrichment: L123 › 'Stock Split and Consolidation' characteristics_of_equity_shares/stock_split_and_consolidation.dita
2026-05-15 07:25:53,414 [INFO] layers.layer123_enrichment: L123 › 'Chapter 4: Sample Questions' characteristics_of_other_securities/chapter_4_sample_questions.dita
2026-05-15 07:25:53,415 [INFO] layers.layer123_enrichment: L123 › 'Characteristics of Other Securities' characteristics_of_other_securities/characteristics_of_other_securities.dita
2026-05-15 07:25:53,416 [INFO] layers.layer123_enrichment: L123 › 'Convertible Debentures' characteristics_of_other_securities/convertible_debentures_2.dita
2026-05-15 07:25:53,417 [INFO] layers.layer123_enrichment: L123 › 'Depository Receipts' characteristics_of_other_securities/depository_receipts.dita
2026-05-15 07:25:53,418 [INFO] layers.layer123_enrichment: L123 › 'Exchange Traded Funds and Index Funds' characteristics_of_other_securities/exchange_traded_funds_and_index_funds.dita
2026-05-15 07:25:53,419 [INFO] layers.layer123_enrichment: L123 › 'Foreign Currency Convertible Bonds' characteristics_of_other_securities/foreign_currency_convertible_bonds.dita
2026-05-15 07:25:53,420 [INFO] layers.layer123_enrichment: L123 › 'Infrastructure Investment Trusts (InvITs)' characteristics_of_other_securities/infrastructure_investment_trusts_invits.dita
2026-05-15 07:25:53,421 [INFO] layers.layer123_enrichment: L123 › 'Investment Trusts' characteristics_of_other_securities/investment_trusts.dita
2026-05-15 07:25:53,422 [INFO] layers.layer123_enrichment: L123 › 'Real Estate Investment Trusts (REITs)' characteristics_of_other_securities/real_estate_investment_trusts_reits.dita
2026-05-15 07:25:53,424 [INFO] layers.layer123_enrichment: L123 › 'Warrants' characteristics_of_other_securities/warrants.dita
2026-05-15 07:25:53,425 [INFO] layers.layer123_enrichment: L123 › 'Chapter 1: Sample Questions' introduction_to_securities/chapter_1_sample_questions.dita
2026-05-15 07:25:53,426 [INFO] layers.layer123_enrichment: L123 › 'Contributors' introduction_to_securities/contributors.dita
2026-05-15 07:25:53,427 [INFO] layers.layer123_enrichment: L123 › 'Convertible Debentures' introduction_to_securities/convertible_debentures.dita
2026-05-15 07:25:53,428 [INFO] layers.layer123_enrichment: L123 › 'Cost of Capital' introduction_to_securities/cost_of_capital.dita
2026-05-15 07:25:53,429 [INFO] layers.layer123_enrichment: L123 › 'Features of Debt Capital and Benefits to Debt Investors' introduction_to_securities/features_of_debt_capital_and_benefits_to_debt_investors.dita
2026-05-15 07:25:53,430 [INFO] layers.layer123_enrichment: L123 › 'Features of Equity Capital and Benefits to Equity Investors' introduction_to_securities/features_of_equity_capital_and_benefits_to_equity_investors.dita
2026-05-15 07:25:53,431 [INFO] layers.layer123_enrichment: L123 › 'Hybrid Structures' introduction_to_securities/hybrid_structures.dita
2026-05-15 07:25:53,432 [INFO] layers.layer123_enrichment: L123 › 'Introduction to Equity and Debt' introduction_to_securities/introduction_to_equity_and_debt.dita
2026-05-15 07:25:53,432 [INFO] layers.layer123_enrichment: L123 › 'Introduction to Securities' introduction_to_securities/introduction_to_securities.dita
2026-05-15 07:25:53,433 [INFO] layers.layer123_enrichment: L123 › 'Limited Liability' introduction_to_securities/limited_liability.dita
2026-05-15 07:25:53,434 [INFO] layers.layer123_enrichment: L123 › 'Liquidity' introduction_to_securities/liquidity.dita
2026-05-15 07:25:53,435 [INFO] layers.layer123_enrichment: L123 › 'Ownership Rights' introduction_to_securities/ownership_rights.dita
2026-05-15 07:25:53,436 [INFO] layers.layer123_enrichment: L123 › 'Perpetuity' introduction_to_securities/perpetuity.dita
2026-05-15 07:25:53,437 [INFO] layers.layer123_enrichment: L123 › 'Preference Shares' introduction_to_securities/preference_shares.dita
2026-05-15 07:25:53,438 [INFO] layers.layer123_enrichment: L123 › 'Rights of the Contributors' introduction_to_securities/rights_of_the_contributors.dita
2026-05-15 07:25:53,439 [INFO] layers.layer123_enrichment: L123 › 'Time Period' introduction_to_securities/time_period.dita
2026-05-15 07:25:53,439 [INFO] layers.layer123_enrichment: L123 › 'Uncertain Pay-outs' introduction_to_securities/uncertain_pay_outs.dita
2026-05-15 07:25:53,441 [INFO] layers.layer123_enrichment: L123 › 'About NISM Certifications' workbook_for_nism_series_ii_b_registrars_to_an_issue_and_share_transfer_agents/about_nism_certifications.dita
2026-05-15 07:25:53,442 [INFO] layers.layer123_enrichment: L123 › 'About the Certification Examination for Registrars to an Issue and Share Transfer Agents – Mutual Funds' workbook_for_nism_series_ii_b_registrars_to_an_issue_and_share_transfer_agents/about_the_certification_examination_for_registrars_to_an_issue_and_share.dita
2026-05-15 07:25:53,443 [INFO] layers.layer123_enrichment: L123 › 'Acknowledgement' workbook_for_nism_series_ii_b_registrars_to_an_issue_and_share_transfer_agents/acknowledgement.dita
2026-05-15 07:25:53,444 [INFO] layers.layer123_enrichment: L123 › 'Assessment Structure' workbook_for_nism_series_ii_b_registrars_to_an_issue_and_share_transfer_agents/assessment_structure.dita
2026-05-15 07:25:53,445 [INFO] layers.layer123_enrichment: L123 › 'Disclaimer' workbook_for_nism_series_ii_b_registrars_to_an_issue_and_share_transfer_agents/disclaimer.dita
2026-05-15 07:25:53,446 [INFO] layers.layer123_enrichment: L123 › 'Examination Objectives' workbook_for_nism_series_ii_b_registrars_to_an_issue_and_share_transfer_agents/examination_objectives.dita
2026-05-15 07:25:53,447 [INFO] layers.layer123_enrichment: L123 › 'FOREWORD' workbook_for_nism_series_ii_b_registrars_to_an_issue_and_share_transfer_agents/foreword.dita
2026-05-15 07:25:53,448 [INFO] layers.layer123_enrichment: L123 › 'How to register and take the examination' workbook_for_nism_series_ii_b_registrars_to_an_issue_and_share_transfer_agents/how_to_register_and_take_the_examination.dita
2026-05-15 07:25:53,449 [INFO] layers.layer123_enrichment: L123 › 'Important' workbook_for_nism_series_ii_b_registrars_to_an_issue_and_share_transfer_agents/important.dita
2026-05-15 07:25:53,450 [INFO] layers.layer123_enrichment: L123 › 'NISM-Series-II-B: Registrars to an Issue and Share Transfer Agents - Mutual Fund Certification Examination' workbook_for_nism_series_ii_b_registrars_to_an_issue_and_share_transfer_agents/nism_series_ii_b_registrars_to_an_issue_and_share_transfer_agents_mutual_fund.dita
2026-05-15 07:25:53,451 [INFO] layers.layer123_enrichment: L123 › 'Workbook for NISM-Series-II-B: Registrars to an Issue and Share Transfer Agents –Mutual Funds Certification Examination' workbook_for_nism_series_ii_b_registrars_to_an_issue_and_share_transfer_agents/workbook_for_nism_series_ii_b_registrars_to_an_issue_and_share_transfer_agents.dita
2026-05-15 07:25:53,787 [INFO] httpx: HTTP Request: POST https://api.anthropic.com/v1/messages "HTTP/1.1 401 Unauthorized"
2026-05-15 07:25:53,788 [ERROR] layers.layer123_enrichment: L123 ✗ error: Error code: 401 - {'type': 'error', 'error': {'type': 'authentication_error', 'message': 'invalid x-api-key'}, 'request_id': 'req_011Cb3xSyBjXi5u4hzTJhcLn'}
2026-05-15 07:25:53,789 [WARNING] layers.layer123_enrichment: L123 ⊘ fallback 'Amortising Bonds'
2026-05-15 07:25:53,790 [INFO] utils.body_preserver: [BodyPreserver] Successfully merged: DOCTYPE preserved, body preserved, AI enrichment applied
2026-05-15 07:25:53,790 [INFO] layers.layer2_shortdesc_generator: L2 ✓ shortdesc amortising_bonds.dita
2026-05-15 07:25:53,791 [INFO] utils.body_preserver: [BodyPreserver] Successfully merged: DOCTYPE preserved, body preserved, AI enrichment applied
2026-05-15 07:25:53,792 [INFO] layers.layer3_keywords_indexterms: L3 ✓ prolog amortising_bonds.dita
2026-05-15 07:25:53,792 [INFO] pipeline.enrich_runner: [EnrichPipeline] Enriched 'Amortising Bonds' → type=concept, confidence=low
2026-05-15 07:25:53,795 [INFO] httpx: HTTP Request: POST https://api.anthropic.com/v1/messages "HTTP/1.1 401 Unauthorized"
2026-05-15 07:25:53,796 [ERROR] layers.layer123_enrichment: L123 ✗ error: Error code: 401 - {'type': 'error', 'error': {'type': 'authentication_error', 'message': 'invalid x-api-key'}, 'request_id': 'req_011Cb3xSyDDybxeeNaubDxWP'}
2026-05-15 07:25:53,797 [WARNING] layers.layer123_enrichment: L123 ⊘ fallback 'Classification of Debt Market'
2026-05-15 07:25:53,798 [INFO] utils.body_preserver: [BodyPreserver] Successfully merged: DOCTYPE preserved, body preserved, AI enrichment applied
2026-05-15 07:25:53,798 [INFO] layers.layer2_shortdesc_generator: L2 ✓ shortdesc classification_of_debt_market.dita
2026-05-15 07:25:53,800 [INFO] utils.body_preserver: [BodyPreserver] Successfully merged: DOCTYPE preserved, body preserved, AI enrichment applied
2026-05-15 07:25:53,800 [INFO] layers.layer3_keywords_indexterms: L3 ✓ prolog classification_of_debt_market.dita
2026-05-15 07:25:53,801 [INFO] pipeline.enrich_runner: [EnrichPipeline] Enriched 'Classification of Debt Market' → type=concept, confidence=low
2026-05-15 07:25:53,802 [INFO] httpx: HTTP Request: POST https://api.anthropic.com/v1/messages "HTTP/1.1 401 Unauthorized"
2026-05-15 07:25:53,805 [ERROR] layers.layer123_enrichment: L123 ✗ error: Error code: 401 - {'type': 'error', 'error': {'type': 'authentication_error', 'message': 'invalid x-api-key'}, 'request_id': 'req_011Cb3xSyDDuMSq1tPAcoZLz'}
2026-05-15 07:25:53,805 [WARNING] layers.layer123_enrichment: L123 ⊘ fallback 'Asset-backed Securities'
2026-05-15 07:25:53,806 [INFO] utils.body_preserver: [BodyPreserver] Successfully merged: DOCTYPE preserved, body preserved, AI enrichment applied
2026-05-15 07:25:53,806 [INFO] layers.layer2_shortdesc_generator: L2 ✓ shortdesc asset_backed_securities.dita
2026-05-15 07:25:53,808 [INFO] utils.body_preserver: [BodyPreserver] Successfully merged: DOCTYPE preserved, body preserved, AI enrichment applied
2026-05-15 07:25:53,808 [INFO] layers.layer3_keywords_indexterms: L3 ✓ prolog asset_backed_securities.dita
2026-05-15 07:25:53,809 [INFO] pipeline.enrich_runner: [EnrichPipeline] Enriched 'Asset-backed Securities' → type=concept, confidence=low
2026-05-15 07:25:53,810 [INFO] httpx: HTTP Request: POST https://api.anthropic.com/v1/messages "HTTP/1.1 401 Unauthorized"
2026-05-15 07:25:53,813 [ERROR] layers.layer123_enrichment: L123 ✗ error: Error code: 401 - {'type': 'error', 'error': {'type': 'authentication_error', 'message': 'invalid x-api-key'}, 'request_id': 'req_011Cb3xSyHCFAwM3tMEZRQxF'}
2026-05-15 07:25:53,813 [WARNING] layers.layer123_enrichment: L123 ⊘ fallback 'Chapter 3: Sample Questions'
2026-05-15 07:25:53,814 [INFO] layers.layer1_topic_classifier: L1 ✓ task→concept chapter_3_sample_questions.dita
2026-05-15 07:25:53,815 [INFO] utils.body_preserver: [BodyPreserver] Successfully merged: DOCTYPE preserved, body preserved, AI enrichment applied
2026-05-15 07:25:53,815 [INFO] layers.layer2_shortdesc_generator: L2 ✓ shortdesc chapter_3_sample_questions.dita
2026-05-15 07:25:53,817 [INFO] utils.body_preserver: [BodyPreserver] Successfully merged: DOCTYPE preserved, body preserved, AI enrichment applied
2026-05-15 07:25:53,817 [INFO] layers.layer3_keywords_indexterms: L3 ✓ prolog chapter_3_sample_questions.dita
2026-05-15 07:25:53,818 [INFO] pipeline.enrich_runner: [EnrichPipeline] Enriched 'Chapter 3: Sample Questions' → type=concept, confidence=low
2026-05-15 07:25:53,819 [INFO] httpx: HTTP Request: POST https://api.anthropic.com/v1/messages "HTTP/1.1 401 Unauthorized"
2026-05-15 07:25:53,822 [ERROR] layers.layer123_enrichment: L123 ✗ error: Error code: 401 - {'type': 'error', 'error': {'type': 'authentication_error', 'message': 'invalid x-api-key'}, 'request_id': 'req_011Cb3xSyDyF8SaDCtasHFJZ'}
2026-05-15 07:25:53,822 [WARNING] layers.layer123_enrichment: L123 ⊘ fallback 'Characteristics of Debt Securities'
2026-05-15 07:25:53,823 [INFO] utils.body_preserver: [BodyPreserver] Successfully merged: DOCTYPE preserved, body preserved, AI enrichment applied
2026-05-15 07:25:53,823 [INFO] layers.layer2_shortdesc_generator: L2 ✓ shortdesc characteristics_of_debt_securities.dita
2026-05-15 07:25:53,824 [INFO] utils.body_preserver: [BodyPreserver] Successfully merged: DOCTYPE preserved, body preserved, AI enrichment applied
2026-05-15 07:25:53,825 [INFO] layers.layer3_keywords_indexterms: L3 ✓ prolog characteristics_of_debt_securities.dita
2026-05-15 07:25:53,826 [INFO] pipeline.enrich_runner: [EnrichPipeline] Enriched 'Characteristics of Debt Securities' → type=concept, confidence=low
2026-05-15 07:25:54,156 [INFO] httpx: HTTP Request: POST https://api.anthropic.com/v1/messages "HTTP/1.1 401 Unauthorized"
2026-05-15 07:25:54,158 [ERROR] layers.layer123_enrichment: L123 ✗ error: Error code: 401 - {'type': 'error', 'error': {'type': 'authentication_error', 'message': 'invalid x-api-key'}, 'request_id': 'req_011Cb3xSzimAtYyy5nVMUMdK'}
2026-05-15 07:25:54,158 [WARNING] layers.layer123_enrichment: L123 ⊘ fallback 'Convertible Debt Securities'
2026-05-15 07:25:54,159 [INFO] utils.body_preserver: [BodyPreserver] Successfully merged: DOCTYPE preserved, body preserved, AI enrichment applied
2026-05-15 07:25:54,159 [INFO] layers.layer2_shortdesc_generator: L2 ✓ shortdesc convertible_debt_securities.dita
2026-05-15 07:25:54,161 [INFO] utils.body_preserver: [BodyPreserver] Successfully merged: DOCTYPE preserved, body preserved, AI enrichment applied
2026-05-15 07:25:54,161 [INFO] layers.layer3_keywords_indexterms: L3 ✓ prolog convertible_debt_securities.dita
2026-05-15 07:25:54,162 [INFO] pipeline.enrich_runner: [EnrichPipeline] Enriched 'Convertible Debt Securities' → type=concept, confidence=low
2026-05-15 07:25:54,164 [INFO] httpx: HTTP Request: POST https://api.anthropic.com/v1/messages "HTTP/1.1 401 Unauthorized"
2026-05-15 07:25:54,165 [ERROR] layers.layer123_enrichment: L123 ✗ error: Error code: 401 - {'type': 'error', 'error': {'type': 'authentication_error', 'message': 'invalid x-api-key'}, 'request_id': 'req_011Cb3xSzmz8bx7tg1Xv8mbu'}
2026-05-15 07:25:54,166 [WARNING] layers.layer123_enrichment: L123 ⊘ fallback 'Fixed Rate Bonds'
2026-05-15 07:25:54,167 [INFO] utils.body_preserver: [BodyPreserver] Successfully merged: DOCTYPE preserved, body preserved, AI enrichment applied
2026-05-15 07:25:54,167 [INFO] layers.layer2_shortdesc_generator: L2 ✓ shortdesc fixed_rate_bonds.dita
2026-05-15 07:25:54,168 [INFO] utils.body_preserver: [BodyPreserver] Successfully merged: DOCTYPE preserved, body preserved, AI enrichment applied
2026-05-15 07:25:54,169 [INFO] layers.layer3_keywords_indexterms: L3 ✓ prolog fixed_rate_bonds.dita
2026-05-15 07:25:54,170 [INFO] pipeline.enrich_runner: [EnrichPipeline] Enriched 'Fixed Rate Bonds' → type=concept, confidence=low
2026-05-15 07:25:54,173 [INFO] httpx: HTTP Request: POST https://api.anthropic.com/v1/messages "HTTP/1.1 401 Unauthorized"
2026-05-15 07:25:54,174 [ERROR] layers.layer123_enrichment: L123 ✗ error: Error code: 401 - {'type': 'error', 'error': {'type': 'authentication_error', 'message': 'invalid x-api-key'}, 'request_id': 'req_011Cb3xSzmEjzDztQQE7ngmP'}
2026-05-15 07:25:54,174 [WARNING] layers.layer123_enrichment: L123 ⊘ fallback 'Current Yield'
2026-05-15 07:25:54,175 [INFO] utils.body_preserver: [BodyPreserver] Successfully merged: DOCTYPE preserved, body preserved, AI enrichment applied
2026-05-15 07:25:54,176 [INFO] layers.layer2_shortdesc_generator: L2 ✓ shortdesc current_yield.dita
2026-05-15 07:25:54,177 [INFO] utils.body_preserver: [BodyPreserver] Successfully merged: DOCTYPE preserved, body preserved, AI enrichment applied
2026-05-15 07:25:54,177 [INFO] layers.layer3_keywords_indexterms: L3 ✓ prolog current_yield.dita
2026-05-15 07:25:54,178 [INFO] pipeline.enrich_runner: [EnrichPipeline] Enriched 'Current Yield' → type=concept, confidence=low
2026-05-15 07:25:54,181 [INFO] httpx: HTTP Request: POST https://api.anthropic.com/v1/messages "HTTP/1.1 401 Unauthorized"
2026-05-15 07:25:54,183 [ERROR] layers.layer123_enrichment: L123 ✗ error: Error code: 401 - {'type': 'error', 'error': {'type': 'authentication_error', 'message': 'invalid x-api-key'}, 'request_id': 'req_011Cb3xSzmVNE83Qt9wd8pnU'}
2026-05-15 07:25:54,183 [WARNING] layers.layer123_enrichment: L123 ⊘ fallback 'Features of a Debt Security'
2026-05-15 07:25:54,184 [INFO] utils.body_preserver: [BodyPreserver] Successfully merged: DOCTYPE preserved, body preserved, AI enrichment applied
2026-05-15 07:25:54,184 [INFO] layers.layer2_shortdesc_generator: L2 ✓ shortdesc features_of_a_debt_security.dita
2026-05-15 07:25:54,185 [INFO] utils.body_preserver: [BodyPreserver] Successfully merged: DOCTYPE preserved, body preserved, AI enrichment applied
2026-05-15 07:25:54,186 [INFO] layers.layer3_keywords_indexterms: L3 ✓ prolog features_of_a_debt_security.dita
2026-05-15 07:25:54,187 [INFO] pipeline.enrich_runner: [EnrichPipeline] Enriched 'Features of a Debt Security' → type=concept, confidence=low
2026-05-15 07:25:54,188 [INFO] httpx: HTTP Request: POST https://api.anthropic.com/v1/messages "HTTP/1.1 401 Unauthorized"
2026-05-15 07:25:54,191 [ERROR] layers.layer123_enrichment: L123 ✗ error: Error code: 401 - {'type': 'error', 'error': {'type': 'authentication_error', 'message': 'invalid x-api-key'}, 'request_id': 'req_011Cb3xSzrSvshkSFvMkA2wF'}
2026-05-15 07:25:54,191 [WARNING] layers.layer123_enrichment: L123 ⊘ fallback 'Credit Rating'
2026-05-15 07:25:54,193 [INFO] utils.body_preserver: [BodyPreserver] Successfully merged: DOCTYPE preserved, body preserved, AI enrichment applied
2026-05-15 07:25:54,193 [INFO] layers.layer2_shortdesc_generator: L2 ✓ shortdesc credit_rating.dita
2026-05-15 07:25:54,195 [INFO] utils.body_preserver: [BodyPreserver] Successfully merged: DOCTYPE preserved, body preserved, AI enrichment applied
2026-05-15 07:25:54,195 [INFO] layers.layer3_keywords_indexterms: L3 ✓ prolog credit_rating.dita
2026-05-15 07:25:54,199 [INFO] pipeline.enrich_runner: [EnrichPipeline] Enriched 'Credit Rating' → type=concept, confidence=low
2026-05-15 07:25:54,528 [INFO] httpx: HTTP Request: POST https://api.anthropic.com/v1/messages "HTTP/1.1 401 Unauthorized"
2026-05-15 07:25:54,529 [ERROR] layers.layer123_enrichment: L123 ✗ error: Error code: 401 - {'type': 'error', 'error': {'type': 'authentication_error', 'message': 'invalid x-api-key'}, 'request_id': 'req_011Cb3xT2LVS3eZrcHHnYosv'}
2026-05-15 07:25:54,529 [WARNING] layers.layer123_enrichment: L123 ⊘ fallback 'Market Value of a Debt security'
2026-05-15 07:25:54,530 [INFO] utils.body_preserver: [BodyPreserver] Successfully merged: DOCTYPE preserved, body preserved, AI enrichment applied
2026-05-15 07:25:54,531 [INFO] layers.layer2_shortdesc_generator: L2 ✓ shortdesc market_value_of_a_debt_security.dita
2026-05-15 07:25:54,532 [INFO] utils.body_preserver: [BodyPreserver] Successfully merged: DOCTYPE preserved, body preserved, AI enrichment applied
2026-05-15 07:25:54,532 [INFO] layers.layer3_keywords_indexterms: L3 ✓ prolog market_value_of_a_debt_security.dita
2026-05-15 07:25:54,534 [INFO] pipeline.enrich_runner: [EnrichPipeline] Enriched 'Market Value of a Debt security' → type=concept, confidence=low
2026-05-15 07:25:54,534 [INFO] httpx: HTTP Request: POST https://api.anthropic.com/v1/messages "HTTP/1.1 401 Unauthorized"
2026-05-15 07:25:54,535 [INFO] httpx: HTTP Request: POST https://api.anthropic.com/v1/messages "HTTP/1.1 401 Unauthorized"
2026-05-15 07:25:54,537 [ERROR] layers.layer123_enrichment: L123 ✗ error: Error code: 401 - {'type': 'error', 'error': {'type': 'authentication_error', 'message': 'invalid x-api-key'}, 'request_id': 'req_011Cb3xT2MEpC55H4Yw53kqD'}
2026-05-15 07:25:54,537 [WARNING] layers.layer123_enrichment: L123 ⊘ fallback 'Other types of bonds'
2026-05-15 07:25:54,538 [INFO] utils.body_preserver: [BodyPreserver] Successfully merged: DOCTYPE preserved, body preserved, AI enrichment applied
2026-05-15 07:25:54,538 [INFO] layers.layer2_shortdesc_generator: L2 ✓ shortdesc other_types_of_bonds.dita
2026-05-15 07:25:54,539 [INFO] utils.body_preserver: [BodyPreserver] Successfully merged: DOCTYPE preserved, body preserved, AI enrichment applied
2026-05-15 07:25:54,540 [INFO] layers.layer3_keywords_indexterms: L3 ✓ prolog other_types_of_bonds.dita
2026-05-15 07:25:54,541 [INFO] pipeline.enrich_runner: [EnrichPipeline] Enriched 'Other types of bonds' → type=concept, confidence=low
2026-05-15 07:25:54,542 [ERROR] layers.layer123_enrichment: L123 ✗ error: Error code: 401 - {'type': 'error', 'error': {'type': 'authentication_error', 'message': 'invalid x-api-key'}, 'request_id': 'req_011Cb3xT2H27yqHjgPabc2Yj'}
2026-05-15 07:25:54,542 [WARNING] layers.layer123_enrichment: L123 ⊘ fallback 'Floating Rate Bonds'
2026-05-15 07:25:54,543 [INFO] utils.body_preserver: [BodyPreserver] Successfully merged: DOCTYPE preserved, body preserved, AI enrichment applied
2026-05-15 07:25:54,543 [INFO] layers.layer2_shortdesc_generator: L2 ✓ shortdesc floating_rate_bonds.dita
2026-05-15 07:25:54,544 [INFO] utils.body_preserver: [BodyPreserver] Successfully merged: DOCTYPE preserved, body preserved, AI enrichment applied
2026-05-15 07:25:54,544 [INFO] layers.layer3_keywords_indexterms: L3 ✓ prolog floating_rate_bonds.dita
2026-05-15 07:25:54,546 [INFO] pipeline.enrich_runner: [EnrichPipeline] Enriched 'Floating Rate Bonds' → type=concept, confidence=low
2026-05-15 07:25:54,549 [INFO] httpx: HTTP Request: POST https://api.anthropic.com/v1/messages "HTTP/1.1 401 Unauthorized"
2026-05-15 07:25:54,551 [ERROR] layers.layer123_enrichment: L123 ✗ error: Error code: 401 - {'type': 'error', 'error': {'type': 'authentication_error', 'message': 'invalid x-api-key'}, 'request_id': 'req_011Cb3xT2MjZaFmrBWUZ8pNR'}
2026-05-15 07:25:54,551 [WARNING] layers.layer123_enrichment: L123 ⊘ fallback 'Money Market Instruments'
2026-05-15 07:25:54,552 [INFO] utils.body_preserver: [BodyPreserver] Successfully merged: DOCTYPE preserved, body preserved, AI enrichment applied
2026-05-15 07:25:54,552 [INFO] layers.layer2_shortdesc_generator: L2 ✓ shortdesc money_market_instruments.dita
2026-05-15 07:25:54,553 [INFO] utils.body_preserver: [BodyPreserver] Successfully merged: DOCTYPE preserved, body preserved, AI enrichment applied
2026-05-15 07:25:54,554 [INFO] layers.layer3_keywords_indexterms: L3 ✓ prolog money_market_instruments.dita
2026-05-15 07:25:54,555 [INFO] pipeline.enrich_runner: [EnrichPipeline] Enriched 'Money Market Instruments' → type=concept, confidence=low
2026-05-15 07:25:54,591 [INFO] httpx: HTTP Request: POST https://api.anthropic.com/v1/messages "HTTP/1.1 401 Unauthorized"
2026-05-15 07:25:54,592 [ERROR] layers.layer123_enrichment: L123 ✗ error: Error code: 401 - {'type': 'error', 'error': {'type': 'authentication_error', 'message': 'invalid x-api-key'}, 'request_id': 'req_011Cb3xT2JG5RgTvsE4xoKnk'}
2026-05-15 07:25:54,593 [WARNING] layers.layer123_enrichment: L123 ⊘ fallback 'Inflation Indexed Bonds'
2026-05-15 07:25:54,594 [INFO] utils.body_preserver: [BodyPreserver] Successfully merged: DOCTYPE preserved, body preserved, AI enrichment applied
2026-05-15 07:25:54,594 [INFO] layers.layer2_shortdesc_generator: L2 ✓ shortdesc inflation_indexed_bonds.dita
2026-05-15 07:25:54,595 [INFO] utils.body_preserver: [BodyPreserver] Successfully merged: DOCTYPE preserved, body preserved, AI enrichment applied
2026-05-15 07:25:54,596 [INFO] layers.layer3_keywords_indexterms: L3 ✓ prolog inflation_indexed_bonds.dita
2026-05-15 07:25:54,597 [INFO] pipeline.enrich_runner: [EnrichPipeline] Enriched 'Inflation Indexed Bonds' → type=concept, confidence=low
2026-05-15 07:25:54,885 [INFO] httpx: HTTP Request: POST https://api.anthropic.com/v1/messages "HTTP/1.1 401 Unauthorized"
2026-05-15 07:25:54,886 [ERROR] layers.layer123_enrichment: L123 ✗ error: Error code: 401 - {'type': 'error', 'error': {'type': 'authentication_error', 'message': 'invalid x-api-key'}, 'request_id': 'req_011Cb3xT3tWXdw1gJaZ9m4mD'}
2026-05-15 07:25:54,886 [WARNING] layers.layer123_enrichment: L123 ⊘ fallback 'Zero Coupon Bond'
2026-05-15 07:25:54,887 [INFO] utils.body_preserver: [BodyPreserver] Successfully merged: DOCTYPE preserved, body preserved, AI enrichment applied
2026-05-15 07:25:54,888 [INFO] layers.layer2_shortdesc_generator: L2 ✓ shortdesc zero_coupon_bond.dita
2026-05-15 07:25:54,889 [INFO] utils.body_preserver: [BodyPreserver] Successfully merged: DOCTYPE preserved, body preserved, AI enrichment applied
2026-05-15 07:25:54,889 [INFO] layers.layer3_keywords_indexterms: L3 ✓ prolog zero_coupon_bond.dita
2026-05-15 07:25:54,891 [INFO] pipeline.enrich_runner: [EnrichPipeline] Enriched 'Zero Coupon Bond' → type=concept, confidence=low
2026-05-15 07:25:54,893 [INFO] httpx: HTTP Request: POST https://api.anthropic.com/v1/messages "HTTP/1.1 401 Unauthorized"
2026-05-15 07:25:54,895 [ERROR] layers.layer123_enrichment: L123 ✗ error: Error code: 401 - {'type': 'error', 'error': {'type': 'authentication_error', 'message': 'invalid x-api-key'}, 'request_id': 'req_011Cb3xT3tWTW94MNUp3SCrc'}
2026-05-15 07:25:54,895 [WARNING] layers.layer123_enrichment: L123 ⊘ fallback 'Yield to Maturity (YTM)'
2026-05-15 07:25:54,896 [INFO] utils.body_preserver: [BodyPreserver] Successfully merged: DOCTYPE preserved, body preserved, AI enrichment applied
2026-05-15 07:25:54,896 [INFO] layers.layer2_shortdesc_generator: L2 ✓ shortdesc yield_to_maturity_ytm.dita
2026-05-15 07:25:54,897 [INFO] utils.body_preserver: [BodyPreserver] Successfully merged: DOCTYPE preserved, body preserved, AI enrichment applied
2026-05-15 07:25:54,898 [INFO] layers.layer3_keywords_indexterms: L3 ✓ prolog yield_to_maturity_ytm.dita
2026-05-15 07:25:54,899 [INFO] pipeline.enrich_runner: [EnrichPipeline] Enriched 'Yield to Maturity (YTM)' → type=concept, confidence=low
2026-05-15 07:25:54,902 [INFO] httpx: HTTP Request: POST https://api.anthropic.com/v1/messages "HTTP/1.1 401 Unauthorized"
2026-05-15 07:25:54,904 [ERROR] layers.layer123_enrichment: L123 ✗ error: Error code: 401 - {'type': 'error', 'error': {'type': 'authentication_error', 'message': 'invalid x-api-key'}, 'request_id': 'req_011Cb3xT3uFbxoWiL7Hs9T7B'}
2026-05-15 07:25:54,904 [WARNING] layers.layer123_enrichment: L123 ⊘ fallback 'Yield from Debt Instruments'
2026-05-15 07:25:54,905 [INFO] utils.body_preserver: [BodyPreserver] Successfully merged: DOCTYPE preserved, body preserved, AI enrichment applied
2026-05-15 07:25:54,905 [INFO] layers.layer2_shortdesc_generator: L2 ✓ shortdesc yield_from_debt_instruments.dita
2026-05-15 07:25:54,906 [INFO] utils.body_preserver: [BodyPreserver] Successfully merged: DOCTYPE preserved, body preserved, AI enrichment applied
2026-05-15 07:25:54,907 [INFO] layers.layer3_keywords_indexterms: L3 ✓ prolog yield_from_debt_instruments.dita
2026-05-15 07:25:54,908 [INFO] pipeline.enrich_runner: [EnrichPipeline] Enriched 'Yield from Debt Instruments' → type=concept, confidence=low
2026-05-15 07:25:54,926 [INFO] httpx: HTTP Request: POST https://api.anthropic.com/v1/messages "HTTP/1.1 401 Unauthorized"
2026-05-15 07:25:54,927 [ERROR] layers.layer123_enrichment: L123 ✗ error: Error code: 401 - {'type': 'error', 'error': {'type': 'authentication_error', 'message': 'invalid x-api-key'}, 'request_id': 'req_011Cb3xT44RygZuhhvLwAW8o'}
2026-05-15 07:25:54,928 [WARNING] layers.layer123_enrichment: L123 ⊘ fallback 'Authorised Capital'
2026-05-15 07:25:54,929 [INFO] utils.body_preserver: [BodyPreserver] Successfully merged: DOCTYPE preserved, body preserved, AI enrichment applied
2026-05-15 07:25:54,929 [INFO] layers.layer2_shortdesc_generator: L2 ✓ shortdesc authorised_capital.dita
2026-05-15 07:25:54,930 [INFO] utils.body_preserver: [BodyPreserver] Successfully merged: DOCTYPE preserved, body preserved, AI enrichment applied
2026-05-15 07:25:54,931 [INFO] layers.layer3_keywords_indexterms: L3 ✓ prolog authorised_capital.dita
2026-05-15 07:25:54,932 [INFO] pipeline.enrich_runner: [EnrichPipeline] Enriched 'Authorised Capital' → type=concept, confidence=low
2026-05-15 07:25:54,992 [INFO] httpx: HTTP Request: POST https://api.anthropic.com/v1/messages "HTTP/1.1 401 Unauthorized"
2026-05-15 07:25:54,994 [ERROR] layers.layer123_enrichment: L123 ✗ error: Error code: 401 - {'type': 'error', 'error': {'type': 'authentication_error', 'message': 'invalid x-api-key'}, 'request_id': 'req_011Cb3xT3yiSZ23DnuJGq7KJ'}
2026-05-15 07:25:54,994 [WARNING] layers.layer123_enrichment: L123 ⊘ fallback 'Unrated Bonds'
2026-05-15 07:25:54,995 [INFO] utils.body_preserver: [BodyPreserver] Successfully merged: DOCTYPE preserved, body preserved, AI enrichment applied
2026-05-15 07:25:54,995 [INFO] layers.layer2_shortdesc_generator: L2 ✓ shortdesc unrated_bonds.dita
2026-05-15 07:25:54,997 [INFO] utils.body_preserver: [BodyPreserver] Successfully merged: DOCTYPE preserved, body preserved, AI enrichment applied
2026-05-15 07:25:54,997 [INFO] layers.layer3_keywords_indexterms: L3 ✓ prolog unrated_bonds.dita
2026-05-15 07:25:54,999 [INFO] pipeline.enrich_runner: [EnrichPipeline] Enriched 'Unrated Bonds' → type=concept, confidence=low
2026-05-15 07:25:55,228 [INFO] httpx: HTTP Request: POST https://api.anthropic.com/v1/messages "HTTP/1.1 401 Unauthorized"
2026-05-15 07:25:55,229 [ERROR] layers.layer123_enrichment: L123 ✗ error: Error code: 401 - {'type': 'error', 'error': {'type': 'authentication_error', 'message': 'invalid x-api-key'}, 'request_id': 'req_011Cb3xT5P3yDUby6KDjCC52'}
2026-05-15 07:25:55,230 [WARNING] layers.layer123_enrichment: L123 ⊘ fallback 'Buyback of shares'
2026-05-15 07:25:55,231 [INFO] utils.body_preserver: [BodyPreserver] Successfully merged: DOCTYPE preserved, body preserved, AI enrichment applied
2026-05-15 07:25:55,231 [INFO] layers.layer2_shortdesc_generator: L2 ✓ shortdesc buyback_of_shares.dita
2026-05-15 07:25:55,232 [INFO] utils.body_preserver: [BodyPreserver] Successfully merged: DOCTYPE preserved, body preserved, AI enrichment applied
2026-05-15 07:25:55,233 [INFO] layers.layer3_keywords_indexterms: L3 ✓ prolog buyback_of_shares.dita
2026-05-15 07:25:55,234 [INFO] pipeline.enrich_runner: [EnrichPipeline] Enriched 'Buyback of shares' → type=concept, confidence=low
2026-05-15 07:25:55,259 [INFO] httpx: HTTP Request: POST https://api.anthropic.com/v1/messages "HTTP/1.1 401 Unauthorized"
2026-05-15 07:25:55,260 [ERROR] layers.layer123_enrichment: L123 ✗ error: Error code: 401 - {'type': 'error', 'error': {'type': 'authentication_error', 'message': 'invalid x-api-key'}, 'request_id': 'req_011Cb3xT5NJtqqfMxUYuhKoR'}
2026-05-15 07:25:55,260 [WARNING] layers.layer123_enrichment: L123 ⊘ fallback 'Bonus issue'
2026-05-15 07:25:55,262 [INFO] utils.body_preserver: [BodyPreserver] Successfully merged: DOCTYPE preserved, body preserved, AI enrichment applied
2026-05-15 07:25:55,262 [INFO] layers.layer2_shortdesc_generator: L2 ✓ shortdesc bonus_issue.dita
2026-05-15 07:25:55,263 [INFO] utils.body_preserver: [BodyPreserver] Successfully merged: DOCTYPE preserved, body preserved, AI enrichment applied
2026-05-15 07:25:55,264 [INFO] layers.layer3_keywords_indexterms: L3 ✓ prolog bonus_issue.dita
2026-05-15 07:25:55,265 [INFO] pipeline.enrich_runner: [EnrichPipeline] Enriched 'Bonus issue' → type=concept, confidence=low
2026-05-15 07:25:55,268 [INFO] httpx: HTTP Request: POST https://api.anthropic.com/v1/messages "HTTP/1.1 401 Unauthorized"
2026-05-15 07:25:55,269 [ERROR] layers.layer123_enrichment: L123 ✗ error: Error code: 401 - {'type': 'error', 'error': {'type': 'authentication_error', 'message': 'invalid x-api-key'}, 'request_id': 'req_011Cb3xT5VkMou8n4yMdjvy7'}
2026-05-15 07:25:55,269 [WARNING] layers.layer123_enrichment: L123 ⊘ fallback 'Characteristics of Equity Shares'
2026-05-15 07:25:55,270 [INFO] layers.layer1_topic_classifier: L1 ✓ concept→topic characteristics_of_equity_shares.dita
2026-05-15 07:25:55,270 [INFO] utils.body_preserver: [BodyPreserver] Successfully merged: DOCTYPE preserved, body preserved, AI enrichment applied
2026-05-15 07:25:55,271 [INFO] layers.layer2_shortdesc_generator: L2 ✓ shortdesc characteristics_of_equity_shares.dita
2026-05-15 07:25:55,272 [INFO] utils.body_preserver: [BodyPreserver] Successfully merged: DOCTYPE preserved, body preserved, AI enrichment applied
2026-05-15 07:25:55,273 [INFO] layers.layer3_keywords_indexterms: L3 ✓ prolog characteristics_of_equity_shares.dita
2026-05-15 07:25:55,274 [INFO] pipeline.enrich_runner: [EnrichPipeline] Enriched 'Characteristics of Equity Shares' → type=topic, confidence=low
2026-05-15 07:25:55,301 [INFO] httpx: HTTP Request: POST https://api.anthropic.com/v1/messages "HTTP/1.1 401 Unauthorized"
2026-05-15 07:25:55,302 [ERROR] layers.layer123_enrichment: L123 ✗ error: Error code: 401 - {'type': 'error', 'error': {'type': 'authentication_error', 'message': 'invalid x-api-key'}, 'request_id': 'req_011Cb3xT5Rn4aCMPqZ4bHRPZ'}
2026-05-15 07:25:55,302 [WARNING] layers.layer123_enrichment: L123 ⊘ fallback 'Chapter 2: Sample Questions'
2026-05-15 07:25:55,304 [INFO] layers.layer1_topic_classifier: L1 ✓ task→concept chapter_2_sample_questions.dita
2026-05-15 07:25:55,304 [INFO] utils.body_preserver: [BodyPreserver] Successfully merged: DOCTYPE preserved, body preserved, AI enrichment applied
2026-05-15 07:25:55,305 [INFO] layers.layer2_shortdesc_generator: L2 ✓ shortdesc chapter_2_sample_questions.dita
2026-05-15 07:25:55,306 [INFO] utils.body_preserver: [BodyPreserver] Successfully merged: DOCTYPE preserved, body preserved, AI enrichment applied
2026-05-15 07:25:55,307 [INFO] layers.layer3_keywords_indexterms: L3 ✓ prolog chapter_2_sample_questions.dita
2026-05-15 07:25:55,309 [INFO] pipeline.enrich_runner: [EnrichPipeline] Enriched 'Chapter 2: Sample Questions' → type=concept, confidence=low
2026-05-15 07:25:55,338 [INFO] httpx: HTTP Request: POST https://api.anthropic.com/v1/messages "HTTP/1.1 401 Unauthorized"
2026-05-15 07:25:55,339 [ERROR] layers.layer123_enrichment: L123 ✗ error: Error code: 401 - {'type': 'error', 'error': {'type': 'authentication_error', 'message': 'invalid x-api-key'}, 'request_id': 'req_011Cb3xT5pLr3Gy5DYfaR3CJ'}
2026-05-15 07:25:55,339 [WARNING] layers.layer123_enrichment: L123 ⊘ fallback 'Corporate Actions'
2026-05-15 07:25:55,340 [INFO] utils.body_preserver: [BodyPreserver] Successfully merged: DOCTYPE preserved, body preserved, AI enrichment applied
2026-05-15 07:25:55,341 [INFO] layers.layer2_shortdesc_generator: L2 ✓ shortdesc corporate_actions.dita
2026-05-15 07:25:55,342 [INFO] utils.body_preserver: [BodyPreserver] Successfully merged: DOCTYPE preserved, body preserved, AI enrichment applied
2026-05-15 07:25:55,342 [INFO] layers.layer3_keywords_indexterms: L3 ✓ prolog corporate_actions.dita
2026-05-15 07:25:55,344 [INFO] pipeline.enrich_runner: [EnrichPipeline] Enriched 'Corporate Actions' → type=concept, confidence=low
2026-05-15 07:25:55,563 [INFO] httpx: HTTP Request: POST https://api.anthropic.com/v1/messages "HTTP/1.1 401 Unauthorized"
2026-05-15 07:25:55,564 [ERROR] layers.layer123_enrichment: L123 ✗ error: Error code: 401 - {'type': 'error', 'error': {'type': 'authentication_error', 'message': 'invalid x-api-key'}, 'request_id': 'req_011Cb3xT6nt5tALR8UAhqGGe'}
2026-05-15 07:25:55,564 [WARNING] layers.layer123_enrichment: L123 ⊘ fallback 'Dividend'
2026-05-15 07:25:55,565 [INFO] utils.body_preserver: [BodyPreserver] Successfully merged: DOCTYPE preserved, body preserved, AI enrichment applied
2026-05-15 07:25:55,566 [INFO] layers.layer2_shortdesc_generator: L2 ✓ shortdesc dividend.dita
2026-05-15 07:25:55,567 [INFO] utils.body_preserver: [BodyPreserver] Successfully merged: DOCTYPE preserved, body preserved, AI enrichment applied
2026-05-15 07:25:55,567 [INFO] layers.layer3_keywords_indexterms: L3 ✓ prolog dividend.dita
2026-05-15 07:25:55,570 [INFO] pipeline.enrich_runner: [EnrichPipeline] Enriched 'Dividend' → type=concept, confidence=low
2026-05-15 07:25:55,599 [INFO] httpx: HTTP Request: POST https://api.anthropic.com/v1/messages "HTTP/1.1 401 Unauthorized"
2026-05-15 07:25:55,600 [ERROR] layers.layer123_enrichment: L123 ✗ error: Error code: 401 - {'type': 'error', 'error': {'type': 'authentication_error', 'message': 'invalid x-api-key'}, 'request_id': 'req_011Cb3xT6yJF78aWiHknyvYC'}
2026-05-15 07:25:55,601 [WARNING] layers.layer123_enrichment: L123 ⊘ fallback 'Fully Paid-up Shares'
2026-05-15 07:25:55,602 [INFO] utils.body_preserver: [BodyPreserver] Successfully merged: DOCTYPE preserved, body preserved, AI enrichment applied
2026-05-15 07:25:55,602 [INFO] layers.layer2_shortdesc_generator: L2 ✓ shortdesc fully_paid_up_shares.dita
2026-05-15 07:25:55,603 [INFO] utils.body_preserver: [BodyPreserver] Successfully merged: DOCTYPE preserved, body preserved, AI enrichment applied
2026-05-15 07:25:55,604 [INFO] layers.layer3_keywords_indexterms: L3 ✓ prolog fully_paid_up_shares.dita
2026-05-15 07:25:55,606 [INFO] pipeline.enrich_runner: [EnrichPipeline] Enriched 'Fully Paid-up Shares' → type=concept, confidence=low
2026-05-15 07:25:55,640 [INFO] httpx: HTTP Request: POST https://api.anthropic.com/v1/messages "HTTP/1.1 401 Unauthorized"
2026-05-15 07:25:55,641 [ERROR] layers.layer123_enrichment: L123 ✗ error: Error code: 401 - {'type': 'error', 'error': {'type': 'authentication_error', 'message': 'invalid x-api-key'}, 'request_id': 'req_011Cb3xT71HBR4kdLg4yZp1v'}
2026-05-15 07:25:55,641 [WARNING] layers.layer123_enrichment: L123 ⊘ fallback 'Face Value'
2026-05-15 07:25:55,642 [INFO] utils.body_preserver: [BodyPreserver] Successfully merged: DOCTYPE preserved, body preserved, AI enrichment applied
2026-05-15 07:25:55,643 [INFO] layers.layer2_shortdesc_generator: L2 ✓ shortdesc face_value.dita
2026-05-15 07:25:55,644 [INFO] utils.body_preserver: [BodyPreserver] Successfully merged: DOCTYPE preserved, body preserved, AI enrichment applied
2026-05-15 07:25:55,644 [INFO] layers.layer3_keywords_indexterms: L3 ✓ prolog face_value.dita
2026-05-15 07:25:55,646 [INFO] pipeline.enrich_runner: [EnrichPipeline] Enriched 'Face Value' → type=concept, confidence=low
2026-05-15 07:25:55,654 [INFO] httpx: HTTP Request: POST https://api.anthropic.com/v1/messages "HTTP/1.1 401 Unauthorized"
2026-05-15 07:25:55,655 [ERROR] layers.layer123_enrichment: L123 ✗ error: Error code: 401 - {'type': 'error', 'error': {'type': 'authentication_error', 'message': 'invalid x-api-key'}, 'request_id': 'req_011Cb3xT78UKx4u6tHAnmcJz'}
2026-05-15 07:25:55,655 [WARNING] layers.layer123_enrichment: L123 ⊘ fallback 'Institutional Investors'
2026-05-15 07:25:55,657 [INFO] utils.body_preserver: [BodyPreserver] Successfully merged: DOCTYPE preserved, body preserved, AI enrichment applied
2026-05-15 07:25:55,657 [INFO] layers.layer2_shortdesc_generator: L2 ✓ shortdesc institutional_investors.dita
2026-05-15 07:25:55,658 [INFO] utils.body_preserver: [BodyPreserver] Successfully merged: DOCTYPE preserved, body preserved, AI enrichment applied
2026-05-15 07:25:55,659 [INFO] layers.layer3_keywords_indexterms: L3 ✓ prolog institutional_investors.dita
2026-05-15 07:25:55,661 [INFO] pipeline.enrich_runner: [EnrichPipeline] Enriched 'Institutional Investors' → type=concept, confidence=low
2026-05-15 07:25:55,675 [INFO] httpx: HTTP Request: POST https://api.anthropic.com/v1/messages "HTTP/1.1 401 Unauthorized"
2026-05-15 07:25:55,677 [ERROR] layers.layer123_enrichment: L123 ✗ error: Error code: 401 - {'type': 'error', 'error': {'type': 'authentication_error', 'message': 'invalid x-api-key'}, 'request_id': 'req_011Cb3xT7FR5wWGTZ1vZQcXF'}
2026-05-15 07:25:55,677 [WARNING] layers.layer123_enrichment: L123 ⊘ fallback 'Investors in Equity Shares'
2026-05-15 07:25:55,678 [INFO] utils.body_preserver: [BodyPreserver] Successfully merged: DOCTYPE preserved, body preserved, AI enrichment applied
2026-05-15 07:25:55,678 [INFO] layers.layer2_shortdesc_generator: L2 ✓ shortdesc investors_in_equity_shares.dita
2026-05-15 07:25:55,679 [INFO] utils.body_preserver: [BodyPreserver] Successfully merged: DOCTYPE preserved, body preserved, AI enrichment applied
2026-05-15 07:25:55,680 [INFO] layers.layer3_keywords_indexterms: L3 ✓ prolog investors_in_equity_shares.dita
2026-05-15 07:25:55,682 [INFO] pipeline.enrich_runner: [EnrichPipeline] Enriched 'Investors in Equity Shares' → type=concept, confidence=low
2026-05-15 07:25:55,960 [INFO] httpx: HTTP Request: POST https://api.anthropic.com/v1/messages "HTTP/1.1 401 Unauthorized"
2026-05-15 07:25:55,961 [ERROR] layers.layer123_enrichment: L123 ✗ error: Error code: 401 - {'type': 'error', 'error': {'type': 'authentication_error', 'message': 'invalid x-api-key'}, 'request_id': 'req_011Cb3xT8PsW4AKzx5gRo88N'}
2026-05-15 07:25:55,962 [WARNING] layers.layer123_enrichment: L123 ⊘ fallback 'Liquidity Risk'
2026-05-15 07:25:55,963 [INFO] utils.body_preserver: [BodyPreserver] Successfully merged: DOCTYPE preserved, body preserved, AI enrichment applied
2026-05-15 07:25:55,963 [INFO] layers.layer2_shortdesc_generator: L2 ✓ shortdesc liquidity_risk.dita
2026-05-15 07:25:55,964 [INFO] utils.body_preserver: [BodyPreserver] Successfully merged: DOCTYPE preserved, body preserved, AI enrichment applied
2026-05-15 07:25:55,965 [INFO] layers.layer3_keywords_indexterms: L3 ✓ prolog liquidity_risk.dita
2026-05-15 07:25:55,967 [INFO] pipeline.enrich_runner: [EnrichPipeline] Enriched 'Liquidity Risk' → type=concept, confidence=low
2026-05-15 07:25:55,989 [INFO] httpx: HTTP Request: POST https://api.anthropic.com/v1/messages "HTTP/1.1 401 Unauthorized"
2026-05-15 07:25:55,990 [ERROR] layers.layer123_enrichment: L123 ✗ error: Error code: 401 - {'type': 'error', 'error': {'type': 'authentication_error', 'message': 'invalid x-api-key'}, 'request_id': 'req_011Cb3xT8YoY27TrQQSbfByp'}
2026-05-15 07:25:55,990 [WARNING] layers.layer123_enrichment: L123 ⊘ fallback 'No Collateral Security'
2026-05-15 07:25:55,991 [INFO] utils.body_preserver: [BodyPreserver] Successfully merged: DOCTYPE preserved, body preserved, AI enrichment applied
2026-05-15 07:25:55,992 [INFO] layers.layer2_shortdesc_generator: L2 ✓ shortdesc no_collateral_security.dita
2026-05-15 07:25:55,993 [INFO] utils.body_preserver: [BodyPreserver] Successfully merged: DOCTYPE preserved, body preserved, AI enrichment applied
2026-05-15 07:25:55,993 [INFO] layers.layer3_keywords_indexterms: L3 ✓ prolog no_collateral_security.dita
2026-05-15 07:25:55,995 [INFO] pipeline.enrich_runner: [EnrichPipeline] Enriched 'No Collateral Security' → type=concept, confidence=low
2026-05-15 07:25:55,999 [INFO] httpx: HTTP Request: POST https://api.anthropic.com/v1/messages "HTTP/1.1 401 Unauthorized"
2026-05-15 07:25:56,000 [ERROR] layers.layer123_enrichment: L123 ✗ error: Error code: 401 - {'type': 'error', 'error': {'type': 'authentication_error', 'message': 'invalid x-api-key'}, 'request_id': 'req_011Cb3xT8bXU7PerVq9MNmR9'}
2026-05-15 07:25:56,000 [WARNING] layers.layer123_enrichment: L123 ⊘ fallback 'No Fixed Return'
2026-05-15 07:25:56,001 [INFO] utils.body_preserver: [BodyPreserver] Successfully merged: DOCTYPE preserved, body preserved, AI enrichment applied
2026-05-15 07:25:56,001 [INFO] layers.layer2_shortdesc_generator: L2 ✓ shortdesc no_fixed_return.dita
2026-05-15 07:25:56,003 [INFO] utils.body_preserver: [BodyPreserver] Successfully merged: DOCTYPE preserved, body preserved, AI enrichment applied
2026-05-15 07:25:56,003 [INFO] layers.layer3_keywords_indexterms: L3 ✓ prolog no_fixed_return.dita
2026-05-15 07:25:56,006 [INFO] pipeline.enrich_runner: [EnrichPipeline] Enriched 'No Fixed Return' → type=concept, confidence=low
2026-05-15 07:25:56,014 [INFO] httpx: HTTP Request: POST https://api.anthropic.com/v1/messages "HTTP/1.1 401 Unauthorized"
2026-05-15 07:25:56,016 [ERROR] layers.layer123_enrichment: L123 ✗ error: Error code: 401 - {'type': 'error', 'error': {'type': 'authentication_error', 'message': 'invalid x-api-key'}, 'request_id': 'req_011Cb3xT8FSu9hTDwk9EiEZU'}
2026-05-15 07:25:56,016 [WARNING] layers.layer123_enrichment: L123 ⊘ fallback 'Issued Capital'
2026-05-15 07:25:56,017 [INFO] utils.body_preserver: [BodyPreserver] Successfully merged: DOCTYPE preserved, body preserved, AI enrichment applied
2026-05-15 07:25:56,017 [INFO] layers.layer2_shortdesc_generator: L2 ✓ shortdesc issued_capital.dita
2026-05-15 07:25:56,018 [INFO] utils.body_preserver: [BodyPreserver] Successfully merged: DOCTYPE preserved, body preserved, AI enrichment applied
2026-05-15 07:25:56,019 [INFO] layers.layer3_keywords_indexterms: L3 ✓ prolog issued_capital.dita
2026-05-15 07:25:56,021 [INFO] pipeline.enrich_runner: [EnrichPipeline] Enriched 'Issued Capital' → type=concept, confidence=low
2026-05-15 07:25:56,026 [INFO] httpx: HTTP Request: POST https://api.anthropic.com/v1/messages "HTTP/1.1 401 Unauthorized"
2026-05-15 07:25:56,027 [ERROR] layers.layer123_enrichment: L123 ✗ error: Error code: 401 - {'type': 'error', 'error': {'type': 'authentication_error', 'message': 'invalid x-api-key'}, 'request_id': 'req_011Cb3xT8gyw1c2Coy4cYy5s'}
2026-05-15 07:25:56,027 [WARNING] layers.layer123_enrichment: L123 ⊘ fallback 'No Fixed Tenor'
2026-05-15 07:25:56,028 [INFO] utils.body_preserver: [BodyPreserver] Successfully merged: DOCTYPE preserved, body preserved, AI enrichment applied
2026-05-15 07:25:56,029 [INFO] layers.layer2_shortdesc_generator: L2 ✓ shortdesc no_fixed_tenor.dita
2026-05-15 07:25:56,030 [INFO] utils.body_preserver: [BodyPreserver] Successfully merged: DOCTYPE preserved, body preserved, AI enrichment applied
2026-05-15 07:25:56,030 [INFO] layers.layer3_keywords_indexterms: L3 ✓ prolog no_fixed_tenor.dita
2026-05-15 07:25:56,033 [INFO] pipeline.enrich_runner: [EnrichPipeline] Enriched 'No Fixed Tenor' → type=concept, confidence=low
2026-05-15 07:25:56,296 [INFO] httpx: HTTP Request: POST https://api.anthropic.com/v1/messages "HTTP/1.1 401 Unauthorized"
2026-05-15 07:25:56,297 [ERROR] layers.layer123_enrichment: L123 ✗ error: Error code: 401 - {'type': 'error', 'error': {'type': 'authentication_error', 'message': 'invalid x-api-key'}, 'request_id': 'req_011Cb3xT9vebwHMCD4jHPeSi'}
2026-05-15 07:25:56,297 [WARNING] layers.layer123_enrichment: L123 ⊘ fallback 'Other Rights'
2026-05-15 07:25:56,298 [INFO] utils.body_preserver: [BodyPreserver] Successfully merged: DOCTYPE preserved, body preserved, AI enrichment applied
2026-05-15 07:25:56,298 [INFO] layers.layer2_shortdesc_generator: L2 ✓ shortdesc other_rights.dita
2026-05-15 07:25:56,299 [INFO] utils.body_preserver: [BodyPreserver] Successfully merged: DOCTYPE preserved, body preserved, AI enrichment applied
2026-05-15 07:25:56,300 [INFO] layers.layer3_keywords_indexterms: L3 ✓ prolog other_rights.dita
2026-05-15 07:25:56,302 [INFO] pipeline.enrich_runner: [EnrichPipeline] Enriched 'Other Rights' → type=concept, confidence=low
2026-05-15 07:25:56,351 [INFO] httpx: HTTP Request: POST https://api.anthropic.com/v1/messages "HTTP/1.1 401 Unauthorized"
2026-05-15 07:25:56,354 [ERROR] layers.layer123_enrichment: L123 ✗ error: Error code: 401 - {'type': 'error', 'error': {'type': 'authentication_error', 'message': 'invalid x-api-key'}, 'request_id': 'req_011Cb3xTA4q6EaQDQivqupKb'}
2026-05-15 07:25:56,354 [WARNING] layers.layer123_enrichment: L123 ⊘ fallback 'Outstanding shares'
2026-05-15 07:25:56,355 [INFO] utils.body_preserver: [BodyPreserver] Successfully merged: DOCTYPE preserved, body preserved, AI enrichment applied
2026-05-15 07:25:56,356 [INFO] layers.layer2_shortdesc_generator: L2 ✓ shortdesc outstanding_shares.dita
2026-05-15 07:25:56,357 [INFO] utils.body_preserver: [BodyPreserver] Successfully merged: DOCTYPE preserved, body preserved, AI enrichment applied
2026-05-15 07:25:56,357 [INFO] layers.layer3_keywords_indexterms: L3 ✓ prolog outstanding_shares.dita
2026-05-15 07:25:56,360 [INFO] pipeline.enrich_runner: [EnrichPipeline] Enriched 'Outstanding shares' → type=concept, confidence=low
2026-05-15 07:25:56,361 [INFO] httpx: HTTP Request: POST https://api.anthropic.com/v1/messages "HTTP/1.1 401 Unauthorized"
2026-05-15 07:25:56,364 [ERROR] layers.layer123_enrichment: L123 ✗ error: Error code: 401 - {'type': 'error', 'error': {'type': 'authentication_error', 'message': 'invalid x-api-key'}, 'request_id': 'req_011Cb3xTABHJqvtwxvd7ytYs'}
2026-05-15 07:25:56,364 [WARNING] layers.layer123_enrichment: L123 ⊘ fallback 'Ownership Transfer Rights'
2026-05-15 07:25:56,365 [INFO] utils.body_preserver: [BodyPreserver] Successfully merged: DOCTYPE preserved, body preserved, AI enrichment applied
2026-05-15 07:25:56,365 [INFO] layers.layer2_shortdesc_generator: L2 ✓ shortdesc ownership_transfer_rights.dita
2026-05-15 07:25:56,366 [INFO] utils.body_preserver: [BodyPreserver] Successfully merged: DOCTYPE preserved, body preserved, AI enrichment applied
2026-05-15 07:25:56,367 [INFO] layers.layer3_keywords_indexterms: L3 ✓ prolog ownership_transfer_rights.dita
2026-05-15 07:25:56,369 [INFO] pipeline.enrich_runner: [EnrichPipeline] Enriched 'Ownership Transfer Rights' → type=concept, confidence=low
2026-05-15 07:25:56,370 [INFO] httpx: HTTP Request: POST https://api.anthropic.com/v1/messages "HTTP/1.1 401 Unauthorized"
2026-05-15 07:25:56,373 [ERROR] layers.layer123_enrichment: L123 ✗ error: Error code: 401 - {'type': 'error', 'error': {'type': 'authentication_error', 'message': 'invalid x-api-key'}, 'request_id': 'req_011Cb3xTA5aHg8zJYpPM3haD'}
2026-05-15 07:25:56,373 [WARNING] layers.layer123_enrichment: L123 ⊘ fallback 'Ownership Rights'
2026-05-15 07:25:56,374 [INFO] utils.body_preserver: [BodyPreserver] Successfully merged: DOCTYPE preserved, body preserved, AI enrichment applied
2026-05-15 07:25:56,374 [INFO] layers.layer2_shortdesc_generator: L2 ✓ shortdesc ownership_rights_2.dita
2026-05-15 07:25:56,376 [INFO] utils.body_preserver: [BodyPreserver] Successfully merged: DOCTYPE preserved, body preserved, AI enrichment applied
2026-05-15 07:25:56,376 [INFO] layers.layer3_keywords_indexterms: L3 ✓ prolog ownership_rights_2.dita
2026-05-15 07:25:56,379 [INFO] pipeline.enrich_runner: [EnrichPipeline] Enriched 'Ownership Rights' → type=concept, confidence=low
2026-05-15 07:25:56,382 [INFO] httpx: HTTP Request: POST https://api.anthropic.com/v1/messages "HTTP/1.1 401 Unauthorized"
2026-05-15 07:25:56,383 [ERROR] layers.layer123_enrichment: L123 ✗ error: Error code: 401 - {'type': 'error', 'error': {'type': 'authentication_error', 'message': 'invalid x-api-key'}, 'request_id': 'req_011Cb3xTAEFp3U2Vd8GDS6bo'}
2026-05-15 07:25:56,383 [WARNING] layers.layer123_enrichment: L123 ⊘ fallback 'Paid-up Capital'
2026-05-15 07:25:56,384 [INFO] utils.body_preserver: [BodyPreserver] Successfully merged: DOCTYPE preserved, body preserved, AI enrichment applied
2026-05-15 07:25:56,385 [INFO] layers.layer2_shortdesc_generator: L2 ✓ shortdesc paid_up_capital.dita
2026-05-15 07:25:56,386 [INFO] utils.body_preserver: [BodyPreserver] Successfully merged: DOCTYPE preserved, body preserved, AI enrichment applied
2026-05-15 07:25:56,386 [INFO] layers.layer3_keywords_indexterms: L3 ✓ prolog paid_up_capital.dita
2026-05-15 07:25:56,389 [INFO] pipeline.enrich_runner: [EnrichPipeline] Enriched 'Paid-up Capital' → type=concept, confidence=low
2026-05-15 07:25:56,635 [INFO] httpx: HTTP Request: POST https://api.anthropic.com/v1/messages "HTTP/1.1 401 Unauthorized"
2026-05-15 07:25:56,636 [ERROR] layers.layer123_enrichment: L123 ✗ error: Error code: 401 - {'type': 'error', 'error': {'type': 'authentication_error', 'message': 'invalid x-api-key'}, 'request_id': 'req_011Cb3xTBPTMRcHWqjF2RwwU'}
2026-05-15 07:25:56,636 [WARNING] layers.layer123_enrichment: L123 ⊘ fallback 'Partly Paid-up Shares'
2026-05-15 07:25:56,637 [INFO] utils.body_preserver: [BodyPreserver] Successfully merged: DOCTYPE preserved, body preserved, AI enrichment applied
2026-05-15 07:25:56,638 [INFO] layers.layer2_shortdesc_generator: L2 ✓ shortdesc partly_paid_up_shares.dita
2026-05-15 07:25:56,639 [INFO] utils.body_preserver: [BodyPreserver] Successfully merged: DOCTYPE preserved, body preserved, AI enrichment applied
2026-05-15 07:25:56,639 [INFO] layers.layer3_keywords_indexterms: L3 ✓ prolog partly_paid_up_shares.dita
2026-05-15 07:25:56,642 [INFO] pipeline.enrich_runner: [EnrichPipeline] Enriched 'Partly Paid-up Shares' → type=concept, confidence=low
2026-05-15 07:25:56,719 [INFO] httpx: HTTP Request: POST https://api.anthropic.com/v1/messages "HTTP/1.1 401 Unauthorized"
2026-05-15 07:25:56,720 [ERROR] layers.layer123_enrichment: L123 ✗ error: Error code: 401 - {'type': 'error', 'error': {'type': 'authentication_error', 'message': 'invalid x-api-key'}, 'request_id': 'req_011Cb3xTBi4EqXdBE3JDpDFW'}
2026-05-15 07:25:56,721 [WARNING] layers.layer123_enrichment: L123 ⊘ fallback 'Preferential Issue'
2026-05-15 07:25:56,722 [INFO] utils.body_preserver: [BodyPreserver] Successfully merged: DOCTYPE preserved, body preserved, AI enrichment applied
2026-05-15 07:25:56,722 [INFO] layers.layer2_shortdesc_generator: L2 ✓ shortdesc preferential_issue.dita
2026-05-15 07:25:56,724 [INFO] utils.body_preserver: [BodyPreserver] Successfully merged: DOCTYPE preserved, body preserved, AI enrichment applied
2026-05-15 07:25:56,725 [INFO] layers.layer3_keywords_indexterms: L3 ✓ prolog preferential_issue.dita
2026-05-15 07:25:56,728 [INFO] pipeline.enrich_runner: [EnrichPipeline] Enriched 'Preferential Issue' → type=concept, confidence=low
2026-05-15 07:25:56,730 [INFO] httpx: HTTP Request: POST https://api.anthropic.com/v1/messages "HTTP/1.1 401 Unauthorized"
2026-05-15 07:25:56,732 [ERROR] layers.layer123_enrichment: L123 ✗ error: Error code: 401 - {'type': 'error', 'error': {'type': 'authentication_error', 'message': 'invalid x-api-key'}, 'request_id': 'req_011Cb3xTBiYstc6EsbB1GeaB'}
2026-05-15 07:25:56,732 [WARNING] layers.layer123_enrichment: L123 ⊘ fallback 'Preference Shares'
2026-05-15 07:25:56,733 [INFO] utils.body_preserver: [BodyPreserver] Successfully merged: DOCTYPE preserved, body preserved, AI enrichment applied
2026-05-15 07:25:56,734 [INFO] layers.layer2_shortdesc_generator: L2 ✓ shortdesc preference_shares_2.dita
2026-05-15 07:25:56,735 [INFO] utils.body_preserver: [BodyPreserver] Successfully merged: DOCTYPE preserved, body preserved, AI enrichment applied
2026-05-15 07:25:56,735 [INFO] layers.layer3_keywords_indexterms: L3 ✓ prolog preference_shares_2.dita
2026-05-15 07:25:56,738 [INFO] pipeline.enrich_runner: [EnrichPipeline] Enriched 'Preference Shares' → type=concept, confidence=low
2026-05-15 07:25:56,779 [INFO] httpx: HTTP Request: POST https://api.anthropic.com/v1/messages "HTTP/1.1 401 Unauthorized"
2026-05-15 07:25:56,780 [ERROR] layers.layer123_enrichment: L123 ✗ error: Error code: 401 - {'type': 'error', 'error': {'type': 'authentication_error', 'message': 'invalid x-api-key'}, 'request_id': 'req_011Cb3xTBqFBsfKCxGTJGnQV'}
2026-05-15 07:25:56,780 [WARNING] layers.layer123_enrichment: L123 ⊘ fallback 'Promoters'
2026-05-15 07:25:56,782 [INFO] utils.body_preserver: [BodyPreserver] Successfully merged: DOCTYPE preserved, body preserved, AI enrichment applied
2026-05-15 07:25:56,782 [INFO] layers.layer2_shortdesc_generator: L2 ✓ shortdesc promoters.dita
2026-05-15 07:25:56,783 [INFO] utils.body_preserver: [BodyPreserver] Successfully merged: DOCTYPE preserved, body preserved, AI enrichment applied
2026-05-15 07:25:56,783 [INFO] layers.layer3_keywords_indexterms: L3 ✓ prolog promoters.dita
2026-05-15 07:25:56,786 [INFO] pipeline.enrich_runner: [EnrichPipeline] Enriched 'Promoters' → type=concept, confidence=low
2026-05-15 07:25:56,859 [INFO] httpx: HTTP Request: POST https://api.anthropic.com/v1/messages "HTTP/1.1 401 Unauthorized"
2026-05-15 07:25:56,861 [ERROR] layers.layer123_enrichment: L123 ✗ error: Error code: 401 - {'type': 'error', 'error': {'type': 'authentication_error', 'message': 'invalid x-api-key'}, 'request_id': 'req_011Cb3xTBjJCnuJfLGfQ1KFm'}
2026-05-15 07:25:56,861 [WARNING] layers.layer123_enrichment: L123 ⊘ fallback 'Public Investors'
2026-05-15 07:25:56,862 [INFO] utils.body_preserver: [BodyPreserver] Successfully merged: DOCTYPE preserved, body preserved, AI enrichment applied
2026-05-15 07:25:56,863 [INFO] layers.layer2_shortdesc_generator: L2 ✓ shortdesc public_investors.dita
2026-05-15 07:25:56,864 [INFO] utils.body_preserver: [BodyPreserver] Successfully merged: DOCTYPE preserved, body preserved, AI enrichment applied
2026-05-15 07:25:56,864 [INFO] layers.layer3_keywords_indexterms: L3 ✓ prolog public_investors.dita
2026-05-15 07:25:56,868 [INFO] pipeline.enrich_runner: [EnrichPipeline] Enriched 'Public Investors' → type=concept, confidence=low
2026-05-15 07:25:56,970 [INFO] httpx: HTTP Request: POST https://api.anthropic.com/v1/messages "HTTP/1.1 401 Unauthorized"
2026-05-15 07:25:56,972 [ERROR] layers.layer123_enrichment: L123 ✗ error: Error code: 401 - {'type': 'error', 'error': {'type': 'authentication_error', 'message': 'invalid x-api-key'}, 'request_id': 'req_011Cb3xTConFy2qHqLDq1by2'}
2026-05-15 07:25:56,972 [WARNING] layers.layer123_enrichment: L123 ⊘ fallback 'Right to Dividend'
2026-05-15 07:25:56,973 [INFO] utils.body_preserver: [BodyPreserver] Successfully merged: DOCTYPE preserved, body preserved, AI enrichment applied
2026-05-15 07:25:56,973 [INFO] layers.layer2_shortdesc_generator: L2 ✓ shortdesc right_to_dividend.dita
2026-05-15 07:25:56,975 [INFO] utils.body_preserver: [BodyPreserver] Successfully merged: DOCTYPE preserved, body preserved, AI enrichment applied
2026-05-15 07:25:56,975 [INFO] layers.layer3_keywords_indexterms: L3 ✓ prolog right_to_dividend.dita
2026-05-15 07:25:56,979 [INFO] pipeline.enrich_runner: [EnrichPipeline] Enriched 'Right to Dividend' → type=concept, confidence=low
2026-05-15 07:25:57,071 [INFO] httpx: HTTP Request: POST https://api.anthropic.com/v1/messages "HTTP/1.1 401 Unauthorized"
2026-05-15 07:25:57,072 [ERROR] layers.layer123_enrichment: L123 ✗ error: Error code: 401 - {'type': 'error', 'error': {'type': 'authentication_error', 'message': 'invalid x-api-key'}, 'request_id': 'req_011Cb3xTDD6FKTre2GweBK1D'}
2026-05-15 07:25:57,072 [WARNING] layers.layer123_enrichment: L123 ⊘ fallback 'Rights Issue of Shares'
2026-05-15 07:25:57,074 [INFO] utils.body_preserver: [BodyPreserver] Successfully merged: DOCTYPE preserved, body preserved, AI enrichment applied
2026-05-15 07:25:57,074 [INFO] layers.layer2_shortdesc_generator: L2 ✓ shortdesc rights_issue_of_shares.dita
2026-05-15 07:25:57,075 [INFO] utils.body_preserver: [BodyPreserver] Successfully merged: DOCTYPE preserved, body preserved, AI enrichment applied
2026-05-15 07:25:57,076 [INFO] layers.layer3_keywords_indexterms: L3 ✓ prolog rights_issue_of_shares.dita
2026-05-15 07:25:57,079 [INFO] pipeline.enrich_runner: [EnrichPipeline] Enriched 'Rights Issue of Shares' → type=concept, confidence=low
2026-05-15 07:25:57,115 [INFO] httpx: HTTP Request: POST https://api.anthropic.com/v1/messages "HTTP/1.1 401 Unauthorized"
2026-05-15 07:25:57,117 [ERROR] layers.layer123_enrichment: L123 ✗ error: Error code: 401 - {'type': 'error', 'error': {'type': 'authentication_error', 'message': 'invalid x-api-key'}, 'request_id': 'req_011Cb3xTDQznRKhDs8xo4Htx'}
2026-05-15 07:25:57,117 [WARNING] layers.layer123_enrichment: L123 ⊘ fallback 'Risks in Equity Investing'
2026-05-15 07:25:57,118 [INFO] utils.body_preserver: [BodyPreserver] Successfully merged: DOCTYPE preserved, body preserved, AI enrichment applied
2026-05-15 07:25:57,118 [INFO] layers.layer2_shortdesc_generator: L2 ✓ shortdesc risks_in_equity_investing.dita
2026-05-15 07:25:57,120 [INFO] utils.body_preserver: [BodyPreserver] Successfully merged: DOCTYPE preserved, body preserved, AI enrichment applied
2026-05-15 07:25:57,120 [INFO] layers.layer3_keywords_indexterms: L3 ✓ prolog risks_in_equity_investing.dita
2026-05-15 07:25:57,123 [INFO] pipeline.enrich_runner: [EnrichPipeline] Enriched 'Risks in Equity Investing' → type=concept, confidence=low
2026-05-15 07:25:57,156 [INFO] httpx: HTTP Request: POST https://api.anthropic.com/v1/messages "HTTP/1.1 401 Unauthorized"
2026-05-15 07:25:57,158 [ERROR] layers.layer123_enrichment: L123 ✗ error: Error code: 401 - {'type': 'error', 'error': {'type': 'authentication_error', 'message': 'invalid x-api-key'}, 'request_id': 'req_011Cb3xTDGpAKQvKLXWtsVwb'}
2026-05-15 07:25:57,158 [WARNING] layers.layer123_enrichment: L123 ⊘ fallback 'Rights of a Shareholder'
2026-05-15 07:25:57,159 [INFO] utils.body_preserver: [BodyPreserver] Successfully merged: DOCTYPE preserved, body preserved, AI enrichment applied
2026-05-15 07:25:57,159 [INFO] layers.layer2_shortdesc_generator: L2 ✓ shortdesc rights_of_a_shareholder.dita
2026-05-15 07:25:57,161 [INFO] utils.body_preserver: [BodyPreserver] Successfully merged: DOCTYPE preserved, body preserved, AI enrichment applied
2026-05-15 07:25:57,161 [INFO] layers.layer3_keywords_indexterms: L3 ✓ prolog rights_of_a_shareholder.dita
2026-05-15 07:25:57,164 [INFO] pipeline.enrich_runner: [EnrichPipeline] Enriched 'Rights of a Shareholder' → type=concept, confidence=low
2026-05-15 07:25:57,205 [INFO] httpx: HTTP Request: POST https://api.anthropic.com/v1/messages "HTTP/1.1 401 Unauthorized"
2026-05-15 07:25:57,206 [ERROR] layers.layer123_enrichment: L123 ✗ error: Error code: 401 - {'type': 'error', 'error': {'type': 'authentication_error', 'message': 'invalid x-api-key'}, 'request_id': 'req_011Cb3xTDoZVQZwDsumH4H5s'}
2026-05-15 07:25:57,207 [WARNING] layers.layer123_enrichment: L123 ⊘ fallback 'Share Premium'
2026-05-15 07:25:57,208 [INFO] utils.body_preserver: [BodyPreserver] Successfully merged: DOCTYPE preserved, body preserved, AI enrichment applied
2026-05-15 07:25:57,208 [INFO] layers.layer2_shortdesc_generator: L2 ✓ shortdesc share_premium.dita
2026-05-15 07:25:57,209 [INFO] utils.body_preserver: [BodyPreserver] Successfully merged: DOCTYPE preserved, body preserved, AI enrichment applied
2026-05-15 07:25:57,210 [INFO] layers.layer3_keywords_indexterms: L3 ✓ prolog share_premium.dita
2026-05-15 07:25:57,213 [INFO] pipeline.enrich_runner: [EnrichPipeline] Enriched 'Share Premium' → type=concept, confidence=low
2026-05-15 07:25:57,458 [INFO] httpx: HTTP Request: POST https://api.anthropic.com/v1/messages "HTTP/1.1 401 Unauthorized"
2026-05-15 07:25:57,460 [ERROR] layers.layer123_enrichment: L123 ✗ error: Error code: 401 - {'type': 'error', 'error': {'type': 'authentication_error', 'message': 'invalid x-api-key'}, 'request_id': 'req_011Cb3xTEqpPqUnHW8G15zxd'}
2026-05-15 07:25:57,460 [WARNING] layers.layer123_enrichment: L123 ⊘ fallback 'Characteristics of Other Securities'
2026-05-15 07:25:57,461 [INFO] utils.body_preserver: [BodyPreserver] Successfully merged: DOCTYPE preserved, body preserved, AI enrichment applied
2026-05-15 07:25:57,462 [INFO] layers.layer2_shortdesc_generator: L2 ✓ shortdesc characteristics_of_other_securities.dita
2026-05-15 07:25:57,463 [INFO] utils.body_preserver: [BodyPreserver] Successfully merged: DOCTYPE preserved, body preserved, AI enrichment applied
2026-05-15 07:25:57,463 [INFO] layers.layer3_keywords_indexterms: L3 ✓ prolog characteristics_of_other_securities.dita
2026-05-15 07:25:57,467 [INFO] pipeline.enrich_runner: [EnrichPipeline] Enriched 'Characteristics of Other Securities' → type=concept, confidence=low
2026-05-15 07:25:57,533 [INFO] httpx: HTTP Request: POST https://api.anthropic.com/v1/messages "HTTP/1.1 401 Unauthorized"
2026-05-15 07:25:57,534 [ERROR] layers.layer123_enrichment: L123 ✗ error: Error code: 401 - {'type': 'error', 'error': {'type': 'authentication_error', 'message': 'invalid x-api-key'}, 'request_id': 'req_011Cb3xTF8gihvFxZ1sRR8es'}
2026-05-15 07:25:57,535 [WARNING] layers.layer123_enrichment: L123 ⊘ fallback 'Convertible Debentures'
2026-05-15 07:25:57,536 [INFO] utils.body_preserver: [BodyPreserver] Successfully merged: DOCTYPE preserved, body preserved, AI enrichment applied
2026-05-15 07:25:57,536 [INFO] layers.layer2_shortdesc_generator: L2 ✓ shortdesc convertible_debentures_2.dita
2026-05-15 07:25:57,537 [INFO] utils.body_preserver: [BodyPreserver] Successfully merged: DOCTYPE preserved, body preserved, AI enrichment applied
2026-05-15 07:25:57,538 [INFO] layers.layer3_keywords_indexterms: L3 ✓ prolog convertible_debentures_2.dita
2026-05-15 07:25:57,541 [INFO] pipeline.enrich_runner: [EnrichPipeline] Enriched 'Convertible Debentures' → type=concept, confidence=low
2026-05-15 07:25:57,586 [INFO] httpx: HTTP Request: POST https://api.anthropic.com/v1/messages "HTTP/1.1 401 Unauthorized"
2026-05-15 07:25:57,588 [ERROR] layers.layer123_enrichment: L123 ✗ error: Error code: 401 - {'type': 'error', 'error': {'type': 'authentication_error', 'message': 'invalid x-api-key'}, 'request_id': 'req_011Cb3xTFG84fvdkUSzaHvaX'}
2026-05-15 07:25:57,588 [WARNING] layers.layer123_enrichment: L123 ⊘ fallback 'Depository Receipts'
2026-05-15 07:25:57,589 [INFO] utils.body_preserver: [BodyPreserver] Successfully merged: DOCTYPE preserved, body preserved, AI enrichment applied
2026-05-15 07:25:57,590 [INFO] layers.layer2_shortdesc_generator: L2 ✓ shortdesc depository_receipts.dita
2026-05-15 07:25:57,591 [INFO] utils.body_preserver: [BodyPreserver] Successfully merged: DOCTYPE preserved, body preserved, AI enrichment applied
2026-05-15 07:25:57,591 [INFO] layers.layer3_keywords_indexterms: L3 ✓ prolog depository_receipts.dita
2026-05-15 07:25:57,596 [INFO] pipeline.enrich_runner: [EnrichPipeline] Enriched 'Depository Receipts' → type=concept, confidence=low
2026-05-15 07:25:57,715 [INFO] httpx: HTTP Request: POST https://api.anthropic.com/v1/messages "HTTP/1.1 401 Unauthorized"
2026-05-15 07:25:57,716 [ERROR] layers.layer123_enrichment: L123 ✗ error: Error code: 401 - {'type': 'error', 'error': {'type': 'authentication_error', 'message': 'invalid x-api-key'}, 'request_id': 'req_011Cb3xTFXjyLhpFW3xFSsbG'}
2026-05-15 07:25:57,717 [WARNING] layers.layer123_enrichment: L123 ⊘ fallback 'Stock Split and Consolidation'
2026-05-15 07:25:57,718 [INFO] utils.body_preserver: [BodyPreserver] Successfully merged: DOCTYPE preserved, body preserved, AI enrichment applied
2026-05-15 07:25:57,718 [INFO] layers.layer2_shortdesc_generator: L2 ✓ shortdesc stock_split_and_consolidation.dita
2026-05-15 07:25:57,720 [INFO] utils.body_preserver: [BodyPreserver] Successfully merged: DOCTYPE preserved, body preserved, AI enrichment applied
2026-05-15 07:25:57,720 [INFO] layers.layer3_keywords_indexterms: L3 ✓ prolog stock_split_and_consolidation.dita
2026-05-15 07:25:57,724 [INFO] pipeline.enrich_runner: [EnrichPipeline] Enriched 'Stock Split and Consolidation' → type=concept, confidence=low
2026-05-15 07:25:57,750 [INFO] httpx: HTTP Request: POST https://api.anthropic.com/v1/messages "HTTP/1.1 401 Unauthorized"
2026-05-15 07:25:57,751 [ERROR] layers.layer123_enrichment: L123 ✗ error: Error code: 401 - {'type': 'error', 'error': {'type': 'authentication_error', 'message': 'invalid x-api-key'}, 'request_id': 'req_011Cb3xTFpMkRhHoHUaAzhvo'}
2026-05-15 07:25:57,751 [WARNING] layers.layer123_enrichment: L123 ⊘ fallback 'Chapter 4: Sample Questions'
2026-05-15 07:25:57,753 [INFO] layers.layer1_topic_classifier: L1 ✓ task→concept chapter_4_sample_questions.dita
2026-05-15 07:25:57,754 [INFO] utils.body_preserver: [BodyPreserver] Successfully merged: DOCTYPE preserved, body preserved, AI enrichment applied
2026-05-15 07:25:57,754 [INFO] layers.layer2_shortdesc_generator: L2 ✓ shortdesc chapter_4_sample_questions.dita
2026-05-15 07:25:57,755 [INFO] utils.body_preserver: [BodyPreserver] Successfully merged: DOCTYPE preserved, body preserved, AI enrichment applied
2026-05-15 07:25:57,756 [INFO] layers.layer3_keywords_indexterms: L3 ✓ prolog chapter_4_sample_questions.dita
2026-05-15 07:25:57,759 [INFO] pipeline.enrich_runner: [EnrichPipeline] Enriched 'Chapter 4: Sample Questions' → type=concept, confidence=low
2026-05-15 07:25:57,811 [INFO] httpx: HTTP Request: POST https://api.anthropic.com/v1/messages "HTTP/1.1 401 Unauthorized"
2026-05-15 07:25:57,812 [ERROR] layers.layer123_enrichment: L123 ✗ error: Error code: 401 - {'type': 'error', 'error': {'type': 'authentication_error', 'message': 'invalid x-api-key'}, 'request_id': 'req_011Cb3xTGLNJKbQAvnZ9AwEM'}
2026-05-15 07:25:57,812 [WARNING] layers.layer123_enrichment: L123 ⊘ fallback 'Exchange Traded Funds and Index Funds'
2026-05-15 07:25:57,814 [INFO] layers.layer1_topic_classifier: L1 ✓ reference→concept exchange_traded_funds_and_index_funds.dita
2026-05-15 07:25:57,815 [INFO] utils.body_preserver: [BodyPreserver] Successfully merged: DOCTYPE preserved, body preserved, AI enrichment applied
2026-05-15 07:25:57,815 [INFO] layers.layer2_shortdesc_generator: L2 ✓ shortdesc exchange_traded_funds_and_index_funds.dita
2026-05-15 07:25:57,816 [INFO] utils.body_preserver: [BodyPreserver] Successfully merged: DOCTYPE preserved, body preserved, AI enrichment applied
2026-05-15 07:25:57,817 [INFO] layers.layer3_keywords_indexterms: L3 ✓ prolog exchange_traded_funds_and_index_funds.dita
2026-05-15 07:25:57,821 [INFO] pipeline.enrich_runner: [EnrichPipeline] Enriched 'Exchange Traded Funds and Index Funds' → type=concept, confidence=low
2026-05-15 07:25:57,881 [INFO] httpx: HTTP Request: POST https://api.anthropic.com/v1/messages "HTTP/1.1 401 Unauthorized"
2026-05-15 07:25:57,882 [ERROR] layers.layer123_enrichment: L123 ✗ error: Error code: 401 - {'type': 'error', 'error': {'type': 'authentication_error', 'message': 'invalid x-api-key'}, 'request_id': 'req_011Cb3xTGeDjGvCUGH4F9Kp6'}
2026-05-15 07:25:57,882 [WARNING] layers.layer123_enrichment: L123 ⊘ fallback 'Foreign Currency Convertible Bonds'
2026-05-15 07:25:57,884 [INFO] utils.body_preserver: [BodyPreserver] Successfully merged: DOCTYPE preserved, body preserved, AI enrichment applied
2026-05-15 07:25:57,884 [INFO] layers.layer2_shortdesc_generator: L2 ✓ shortdesc foreign_currency_convertible_bonds.dita
2026-05-15 07:25:57,885 [INFO] utils.body_preserver: [BodyPreserver] Successfully merged: DOCTYPE preserved, body preserved, AI enrichment applied
2026-05-15 07:25:57,886 [INFO] layers.layer3_keywords_indexterms: L3 ✓ prolog foreign_currency_convertible_bonds.dita
2026-05-15 07:25:57,890 [INFO] pipeline.enrich_runner: [EnrichPipeline] Enriched 'Foreign Currency Convertible Bonds' → type=concept, confidence=low
2026-05-15 07:25:57,953 [INFO] httpx: HTTP Request: POST https://api.anthropic.com/v1/messages "HTTP/1.1 401 Unauthorized"
2026-05-15 07:25:57,954 [ERROR] layers.layer123_enrichment: L123 ✗ error: Error code: 401 - {'type': 'error', 'error': {'type': 'authentication_error', 'message': 'invalid x-api-key'}, 'request_id': 'req_011Cb3xTGv6A9kWsZJzcfL9H'}
2026-05-15 07:25:57,955 [WARNING] layers.layer123_enrichment: L123 ⊘ fallback 'Infrastructure Investment Trusts (InvITs)'
2026-05-15 07:25:57,956 [INFO] utils.body_preserver: [BodyPreserver] Successfully merged: DOCTYPE preserved, body preserved, AI enrichment applied
2026-05-15 07:25:57,956 [INFO] layers.layer2_shortdesc_generator: L2 ✓ shortdesc infrastructure_investment_trusts_invits.dita
2026-05-15 07:25:57,957 [INFO] utils.body_preserver: [BodyPreserver] Successfully merged: DOCTYPE preserved, body preserved, AI enrichment applied
2026-05-15 07:25:57,958 [INFO] layers.layer3_keywords_indexterms: L3 ✓ prolog infrastructure_investment_trusts_invits.dita
2026-05-15 07:25:57,962 [INFO] pipeline.enrich_runner: [EnrichPipeline] Enriched 'Infrastructure Investment Trusts (InvITs)' → type=concept, confidence=low
2026-05-15 07:25:58,155 [INFO] httpx: HTTP Request: POST https://api.anthropic.com/v1/messages "HTTP/1.1 401 Unauthorized"
2026-05-15 07:25:58,157 [ERROR] layers.layer123_enrichment: L123 ✗ error: Error code: 401 - {'type': 'error', 'error': {'type': 'authentication_error', 'message': 'invalid x-api-key'}, 'request_id': 'req_011Cb3xTHU5N6pq4iqSJUgtZ'}
2026-05-15 07:25:58,157 [WARNING] layers.layer123_enrichment: L123 ⊘ fallback 'Investment Trusts'
2026-05-15 07:25:58,158 [INFO] utils.body_preserver: [BodyPreserver] Successfully merged: DOCTYPE preserved, body preserved, AI enrichment applied
2026-05-15 07:25:58,158 [INFO] layers.layer2_shortdesc_generator: L2 ✓ shortdesc investment_trusts.dita
2026-05-15 07:25:58,160 [INFO] utils.body_preserver: [BodyPreserver] Successfully merged: DOCTYPE preserved, body preserved, AI enrichment applied
2026-05-15 07:25:58,160 [INFO] layers.layer3_keywords_indexterms: L3 ✓ prolog investment_trusts.dita
2026-05-15 07:25:58,164 [INFO] pipeline.enrich_runner: [EnrichPipeline] Enriched 'Investment Trusts' → type=concept, confidence=low
2026-05-15 07:25:58,166 [INFO] httpx: HTTP Request: POST https://api.anthropic.com/v1/messages "HTTP/1.1 401 Unauthorized"
2026-05-15 07:25:58,167 [ERROR] layers.layer123_enrichment: L123 ✗ error: Error code: 401 - {'type': 'error', 'error': {'type': 'authentication_error', 'message': 'invalid x-api-key'}, 'request_id': 'req_011Cb3xTHr9g5zXFRS2nbu6e'}
2026-05-15 07:25:58,167 [WARNING] layers.layer123_enrichment: L123 ⊘ fallback 'Warrants'
2026-05-15 07:25:58,169 [INFO] utils.body_preserver: [BodyPreserver] Successfully merged: DOCTYPE preserved, body preserved, AI enrichment applied
2026-05-15 07:25:58,169 [INFO] layers.layer2_shortdesc_generator: L2 ✓ shortdesc warrants.dita
2026-05-15 07:25:58,171 [INFO] utils.body_preserver: [BodyPreserver] Successfully merged: DOCTYPE preserved, body preserved, AI enrichment applied
2026-05-15 07:25:58,171 [INFO] layers.layer3_keywords_indexterms: L3 ✓ prolog warrants.dita
2026-05-15 07:25:58,175 [INFO] pipeline.enrich_runner: [EnrichPipeline] Enriched 'Warrants' → type=concept, confidence=low
2026-05-15 07:25:58,178 [INFO] httpx: HTTP Request: POST https://api.anthropic.com/v1/messages "HTTP/1.1 401 Unauthorized"
2026-05-15 07:25:58,179 [ERROR] layers.layer123_enrichment: L123 ✗ error: Error code: 401 - {'type': 'error', 'error': {'type': 'authentication_error', 'message': 'invalid x-api-key'}, 'request_id': 'req_011Cb3xTHammSf8Xbi3esH58'}
2026-05-15 07:25:58,179 [WARNING] layers.layer123_enrichment: L123 ⊘ fallback 'Real Estate Investment Trusts (REITs)'
2026-05-15 07:25:58,181 [INFO] utils.body_preserver: [BodyPreserver] Successfully merged: DOCTYPE preserved, body preserved, AI enrichment applied
2026-05-15 07:25:58,181 [INFO] layers.layer2_shortdesc_generator: L2 ✓ shortdesc real_estate_investment_trusts_reits.dita
2026-05-15 07:25:58,182 [INFO] utils.body_preserver: [BodyPreserver] Successfully merged: DOCTYPE preserved, body preserved, AI enrichment applied
2026-05-15 07:25:58,183 [INFO] layers.layer3_keywords_indexterms: L3 ✓ prolog real_estate_investment_trusts_reits.dita
2026-05-15 07:25:58,186 [INFO] pipeline.enrich_runner: [EnrichPipeline] Enriched 'Real Estate Investment Trusts (REITs)' → type=concept, confidence=low
2026-05-15 07:25:58,284 [INFO] httpx: HTTP Request: POST https://api.anthropic.com/v1/messages "HTTP/1.1 401 Unauthorized"
2026-05-15 07:25:58,286 [ERROR] layers.layer123_enrichment: L123 ✗ error: Error code: 401 - {'type': 'error', 'error': {'type': 'authentication_error', 'message': 'invalid x-api-key'}, 'request_id': 'req_011Cb3xTJSctbTuJQ2WaRyJG'}
2026-05-15 07:25:58,286 [WARNING] layers.layer123_enrichment: L123 ⊘ fallback 'Contributors'
2026-05-15 07:25:58,287 [INFO] layers.layer1_topic_classifier: L1 ✓ concept→task contributors.dita
2026-05-15 07:25:58,288 [INFO] utils.body_preserver: [BodyPreserver] Successfully merged: DOCTYPE preserved, body preserved, AI enrichment applied
2026-05-15 07:25:58,288 [INFO] layers.layer2_shortdesc_generator: L2 ✓ shortdesc contributors.dita
2026-05-15 07:25:58,289 [INFO] utils.body_preserver: [BodyPreserver] Successfully merged: DOCTYPE preserved, body preserved, AI enrichment applied
2026-05-15 07:25:58,290 [INFO] layers.layer3_keywords_indexterms: L3 ✓ prolog contributors.dita
2026-05-15 07:25:58,294 [INFO] pipeline.enrich_runner: [EnrichPipeline] Enriched 'Contributors' → type=task, confidence=low
2026-05-15 07:25:58,487 [INFO] httpx: HTTP Request: POST https://api.anthropic.com/v1/messages "HTTP/1.1 401 Unauthorized"
2026-05-15 07:25:58,488 [ERROR] layers.layer123_enrichment: L123 ✗ error: Error code: 401 - {'type': 'error', 'error': {'type': 'authentication_error', 'message': 'invalid x-api-key'}, 'request_id': 'req_011Cb3xTJJge3T66RjMRaoN3'}
2026-05-15 07:25:58,488 [WARNING] layers.layer123_enrichment: L123 ⊘ fallback 'Chapter 1: Sample Questions'
2026-05-15 07:25:58,490 [INFO] layers.layer1_topic_classifier: L1 ✓ task→concept chapter_1_sample_questions.dita
2026-05-15 07:25:58,490 [INFO] utils.body_preserver: [BodyPreserver] Successfully merged: DOCTYPE preserved, body preserved, AI enrichment applied
2026-05-15 07:25:58,491 [INFO] layers.layer2_shortdesc_generator: L2 ✓ shortdesc chapter_1_sample_questions.dita
2026-05-15 07:25:58,492 [INFO] utils.body_preserver: [BodyPreserver] Successfully merged: DOCTYPE preserved, body preserved, AI enrichment applied
2026-05-15 07:25:58,492 [INFO] layers.layer3_keywords_indexterms: L3 ✓ prolog chapter_1_sample_questions.dita
2026-05-15 07:25:58,496 [INFO] pipeline.enrich_runner: [EnrichPipeline] Enriched 'Chapter 1: Sample Questions' → type=concept, confidence=low
2026-05-15 07:25:58,537 [INFO] httpx: HTTP Request: POST https://api.anthropic.com/v1/messages "HTTP/1.1 401 Unauthorized"
2026-05-15 07:25:58,538 [ERROR] layers.layer123_enrichment: L123 ✗ error: Error code: 401 - {'type': 'error', 'error': {'type': 'authentication_error', 'message': 'invalid x-api-key'}, 'request_id': 'req_011Cb3xTKQfLeUA2gTJ1GAVA'}
2026-05-15 07:25:58,538 [WARNING] layers.layer123_enrichment: L123 ⊘ fallback 'Cost of Capital'
2026-05-15 07:25:58,539 [INFO] utils.body_preserver: [BodyPreserver] Successfully merged: DOCTYPE preserved, body preserved, AI enrichment applied
2026-05-15 07:25:58,540 [INFO] layers.layer2_shortdesc_generator: L2 ✓ shortdesc cost_of_capital.dita
2026-05-15 07:25:58,541 [INFO] utils.body_preserver: [BodyPreserver] Successfully merged: DOCTYPE preserved, body preserved, AI enrichment applied
2026-05-15 07:25:58,541 [INFO] layers.layer3_keywords_indexterms: L3 ✓ prolog cost_of_capital.dita
2026-05-15 07:25:58,545 [INFO] pipeline.enrich_runner: [EnrichPipeline] Enriched 'Cost of Capital' → type=concept, confidence=low
2026-05-15 07:25:58,581 [INFO] httpx: HTTP Request: POST https://api.anthropic.com/v1/messages "HTTP/1.1 401 Unauthorized"
2026-05-15 07:25:58,582 [ERROR] layers.layer123_enrichment: L123 ✗ error: Error code: 401 - {'type': 'error', 'error': {'type': 'authentication_error', 'message': 'invalid x-api-key'}, 'request_id': 'req_011Cb3xTKQADrWqAgb3Q7T9m'}
2026-05-15 07:25:58,582 [WARNING] layers.layer123_enrichment: L123 ⊘ fallback 'Features of Debt Capital and Benefits to Debt Investors'
2026-05-15 07:25:58,584 [INFO] utils.body_preserver: [BodyPreserver] Successfully merged: DOCTYPE preserved, body preserved, AI enrichment applied
2026-05-15 07:25:58,584 [INFO] layers.layer2_shortdesc_generator: L2 ✓ shortdesc features_of_debt_capital_and_benefits_to_debt_investors.dita
2026-05-15 07:25:58,586 [INFO] utils.body_preserver: [BodyPreserver] Successfully merged: DOCTYPE preserved, body preserved, AI enrichment applied
2026-05-15 07:25:58,586 [INFO] layers.layer3_keywords_indexterms: L3 ✓ prolog features_of_debt_capital_and_benefits_to_debt_investors.dita
2026-05-15 07:25:58,590 [INFO] pipeline.enrich_runner: [EnrichPipeline] Enriched 'Features of Debt Capital and Benefits to Debt Investors' → type=concept, confidence=low
2026-05-15 07:25:58,608 [INFO] httpx: HTTP Request: POST https://api.anthropic.com/v1/messages "HTTP/1.1 401 Unauthorized"
2026-05-15 07:25:58,610 [ERROR] layers.layer123_enrichment: L123 ✗ error: Error code: 401 - {'type': 'error', 'error': {'type': 'authentication_error', 'message': 'invalid x-api-key'}, 'request_id': 'req_011Cb3xTKPvCYVx5WKhyxyLv'}
2026-05-15 07:25:58,610 [WARNING] layers.layer123_enrichment: L123 ⊘ fallback 'Convertible Debentures'
2026-05-15 07:25:58,611 [INFO] utils.body_preserver: [BodyPreserver] Successfully merged: DOCTYPE preserved, body preserved, AI enrichment applied
2026-05-15 07:25:58,611 [INFO] layers.layer2_shortdesc_generator: L2 ✓ shortdesc convertible_debentures.dita
2026-05-15 07:25:58,613 [INFO] utils.body_preserver: [BodyPreserver] Successfully merged: DOCTYPE preserved, body preserved, AI enrichment applied
2026-05-15 07:25:58,613 [INFO] layers.layer3_keywords_indexterms: L3 ✓ prolog convertible_debentures.dita
2026-05-15 07:25:58,617 [INFO] pipeline.enrich_runner: [EnrichPipeline] Enriched 'Convertible Debentures' → type=concept, confidence=low
2026-05-15 07:25:58,626 [INFO] httpx: HTTP Request: POST https://api.anthropic.com/v1/messages "HTTP/1.1 401 Unauthorized"
2026-05-15 07:25:58,627 [ERROR] layers.layer123_enrichment: L123 ✗ error: Error code: 401 - {'type': 'error', 'error': {'type': 'authentication_error', 'message': 'invalid x-api-key'}, 'request_id': 'req_011Cb3xTKtvYreGkZV36uDeV'}
2026-05-15 07:25:58,627 [WARNING] layers.layer123_enrichment: L123 ⊘ fallback 'Features of Equity Capital and Benefits to Equity Investors'
2026-05-15 07:25:58,628 [INFO] utils.body_preserver: [BodyPreserver] Successfully merged: DOCTYPE preserved, body preserved, AI enrichment applied
2026-05-15 07:25:58,629 [INFO] layers.layer2_shortdesc_generator: L2 ✓ shortdesc features_of_equity_capital_and_benefits_to_equity_investors.dita
2026-05-15 07:25:58,630 [INFO] utils.body_preserver: [BodyPreserver] Successfully merged: DOCTYPE preserved, body preserved, AI enrichment applied
2026-05-15 07:25:58,630 [INFO] layers.layer3_keywords_indexterms: L3 ✓ prolog features_of_equity_capital_and_benefits_to_equity_investors.dita
2026-05-15 07:25:58,634 [INFO] pipeline.enrich_runner: [EnrichPipeline] Enriched 'Features of Equity Capital and Benefits to Equity Investors' → type=concept, confidence=low
2026-05-15 07:25:58,858 [INFO] httpx: HTTP Request: POST https://api.anthropic.com/v1/messages "HTTP/1.1 401 Unauthorized"
2026-05-15 07:25:58,860 [ERROR] layers.layer123_enrichment: L123 ✗ error: Error code: 401 - {'type': 'error', 'error': {'type': 'authentication_error', 'message': 'invalid x-api-key'}, 'request_id': 'req_011Cb3xTLjHGA6LSKt7QWWyV'}
2026-05-15 07:25:58,860 [WARNING] layers.layer123_enrichment: L123 ⊘ fallback 'Hybrid Structures'
2026-05-15 07:25:58,861 [INFO] utils.body_preserver: [BodyPreserver] Successfully merged: DOCTYPE preserved, body preserved, AI enrichment applied
2026-05-15 07:25:58,861 [INFO] layers.layer2_shortdesc_generator: L2 ✓ shortdesc hybrid_structures.dita
2026-05-15 07:25:58,863 [INFO] utils.body_preserver: [BodyPreserver] Successfully merged: DOCTYPE preserved, body preserved, AI enrichment applied
2026-05-15 07:25:58,863 [INFO] layers.layer3_keywords_indexterms: L3 ✓ prolog hybrid_structures.dita
2026-05-15 07:25:58,867 [INFO] pipeline.enrich_runner: [EnrichPipeline] Enriched 'Hybrid Structures' → type=concept, confidence=low
2026-05-15 07:25:58,886 [INFO] httpx: HTTP Request: POST https://api.anthropic.com/v1/messages "HTTP/1.1 401 Unauthorized"
2026-05-15 07:25:58,888 [ERROR] layers.layer123_enrichment: L123 ✗ error: Error code: 401 - {'type': 'error', 'error': {'type': 'authentication_error', 'message': 'invalid x-api-key'}, 'request_id': 'req_011Cb3xTLwBi7YZQev1n9kqA'}
2026-05-15 07:25:58,888 [WARNING] layers.layer123_enrichment: L123 ⊘ fallback 'Introduction to Equity and Debt'
2026-05-15 07:25:58,889 [INFO] utils.body_preserver: [BodyPreserver] Successfully merged: DOCTYPE preserved, body preserved, AI enrichment applied
2026-05-15 07:25:58,890 [INFO] layers.layer2_shortdesc_generator: L2 ✓ shortdesc introduction_to_equity_and_debt.dita
2026-05-15 07:25:58,891 [INFO] utils.body_preserver: [BodyPreserver] Successfully merged: DOCTYPE preserved, body preserved, AI enrichment applied
2026-05-15 07:25:58,891 [INFO] layers.layer3_keywords_indexterms: L3 ✓ prolog introduction_to_equity_and_debt.dita
2026-05-15 07:25:58,895 [INFO] pipeline.enrich_runner: [EnrichPipeline] Enriched 'Introduction to Equity and Debt' → type=concept, confidence=low
2026-05-15 07:25:58,930 [INFO] httpx: HTTP Request: POST https://api.anthropic.com/v1/messages "HTTP/1.1 401 Unauthorized"
2026-05-15 07:25:58,931 [ERROR] layers.layer123_enrichment: L123 ✗ error: Error code: 401 - {'type': 'error', 'error': {'type': 'authentication_error', 'message': 'invalid x-api-key'}, 'request_id': 'req_011Cb3xTM8qrB1AuRb2VrfzW'}
2026-05-15 07:25:58,931 [WARNING] layers.layer123_enrichment: L123 ⊘ fallback 'Introduction to Securities'
2026-05-15 07:25:58,933 [INFO] utils.body_preserver: [BodyPreserver] Successfully merged: DOCTYPE preserved, body preserved, AI enrichment applied
2026-05-15 07:25:58,933 [INFO] layers.layer2_shortdesc_generator: L2 ✓ shortdesc introduction_to_securities.dita
2026-05-15 07:25:58,934 [INFO] utils.body_preserver: [BodyPreserver] Successfully merged: DOCTYPE preserved, body preserved, AI enrichment applied
2026-05-15 07:25:58,934 [INFO] layers.layer3_keywords_indexterms: L3 ✓ prolog introduction_to_securities.dita
2026-05-15 07:25:58,939 [INFO] pipeline.enrich_runner: [EnrichPipeline] Enriched 'Introduction to Securities' → type=concept, confidence=low
2026-05-15 07:25:58,949 [INFO] httpx: HTTP Request: POST https://api.anthropic.com/v1/messages "HTTP/1.1 401 Unauthorized"
2026-05-15 07:25:58,950 [ERROR] layers.layer123_enrichment: L123 ✗ error: Error code: 401 - {'type': 'error', 'error': {'type': 'authentication_error', 'message': 'invalid x-api-key'}, 'request_id': 'req_011Cb3xTMFHfSLURsmMwcdLi'}
2026-05-15 07:25:58,950 [WARNING] layers.layer123_enrichment: L123 ⊘ fallback 'Limited Liability'
2026-05-15 07:25:58,951 [INFO] utils.body_preserver: [BodyPreserver] Successfully merged: DOCTYPE preserved, body preserved, AI enrichment applied
2026-05-15 07:25:58,952 [INFO] layers.layer2_shortdesc_generator: L2 ✓ shortdesc limited_liability.dita
2026-05-15 07:25:58,953 [INFO] utils.body_preserver: [BodyPreserver] Successfully merged: DOCTYPE preserved, body preserved, AI enrichment applied
2026-05-15 07:25:58,953 [INFO] layers.layer3_keywords_indexterms: L3 ✓ prolog limited_liability.dita
2026-05-15 07:25:58,957 [INFO] pipeline.enrich_runner: [EnrichPipeline] Enriched 'Limited Liability' → type=concept, confidence=low
2026-05-15 07:25:58,963 [INFO] httpx: HTTP Request: POST https://api.anthropic.com/v1/messages "HTTP/1.1 401 Unauthorized"
2026-05-15 07:25:58,965 [ERROR] layers.layer123_enrichment: L123 ✗ error: Error code: 401 - {'type': 'error', 'error': {'type': 'authentication_error', 'message': 'invalid x-api-key'}, 'request_id': 'req_011Cb3xTML12ckkvAFkijAHy'}
2026-05-15 07:25:58,965 [WARNING] layers.layer123_enrichment: L123 ⊘ fallback 'Liquidity'
2026-05-15 07:25:58,966 [INFO] utils.body_preserver: [BodyPreserver] Successfully merged: DOCTYPE preserved, body preserved, AI enrichment applied
2026-05-15 07:25:58,966 [INFO] layers.layer2_shortdesc_generator: L2 ✓ shortdesc liquidity.dita
2026-05-15 07:25:58,968 [INFO] utils.body_preserver: [BodyPreserver] Successfully merged: DOCTYPE preserved, body preserved, AI enrichment applied
2026-05-15 07:25:58,968 [INFO] layers.layer3_keywords_indexterms: L3 ✓ prolog liquidity.dita
2026-05-15 07:25:58,973 [INFO] pipeline.enrich_runner: [EnrichPipeline] Enriched 'Liquidity' → type=concept, confidence=low
2026-05-15 07:25:59,224 [INFO] httpx: HTTP Request: POST https://api.anthropic.com/v1/messages "HTTP/1.1 401 Unauthorized"
2026-05-15 07:25:59,226 [ERROR] layers.layer123_enrichment: L123 ✗ error: Error code: 401 - {'type': 'error', 'error': {'type': 'authentication_error', 'message': 'invalid x-api-key'}, 'request_id': 'req_011Cb3xTNKmoVVohMCNASQdL'}
2026-05-15 07:25:59,226 [WARNING] layers.layer123_enrichment: L123 ⊘ fallback 'Ownership Rights'
2026-05-15 07:25:59,227 [INFO] utils.body_preserver: [BodyPreserver] Successfully merged: DOCTYPE preserved, body preserved, AI enrichment applied
2026-05-15 07:25:59,227 [INFO] layers.layer2_shortdesc_generator: L2 ✓ shortdesc ownership_rights.dita
2026-05-15 07:25:59,229 [INFO] utils.body_preserver: [BodyPreserver] Successfully merged: DOCTYPE preserved, body preserved, AI enrichment applied
2026-05-15 07:25:59,229 [INFO] layers.layer3_keywords_indexterms: L3 ✓ prolog ownership_rights.dita
2026-05-15 07:25:59,233 [INFO] pipeline.enrich_runner: [EnrichPipeline] Enriched 'Ownership Rights' → type=concept, confidence=low
2026-05-15 07:25:59,238 [INFO] httpx: HTTP Request: POST https://api.anthropic.com/v1/messages "HTTP/1.1 401 Unauthorized"
2026-05-15 07:25:59,239 [ERROR] layers.layer123_enrichment: L123 ✗ error: Error code: 401 - {'type': 'error', 'error': {'type': 'authentication_error', 'message': 'invalid x-api-key'}, 'request_id': 'req_011Cb3xTNSDucJTDbsKWHDQ5'}
2026-05-15 07:25:59,239 [WARNING] layers.layer123_enrichment: L123 ⊘ fallback 'Perpetuity'
2026-05-15 07:25:59,240 [INFO] utils.body_preserver: [BodyPreserver] Successfully merged: DOCTYPE preserved, body preserved, AI enrichment applied
2026-05-15 07:25:59,241 [INFO] layers.layer2_shortdesc_generator: L2 ✓ shortdesc perpetuity.dita
2026-05-15 07:25:59,242 [INFO] utils.body_preserver: [BodyPreserver] Successfully merged: DOCTYPE preserved, body preserved, AI enrichment applied
2026-05-15 07:25:59,242 [INFO] layers.layer3_keywords_indexterms: L3 ✓ prolog perpetuity.dita
2026-05-15 07:25:59,246 [INFO] pipeline.enrich_runner: [EnrichPipeline] Enriched 'Perpetuity' → type=concept, confidence=low
2026-05-15 07:25:59,298 [INFO] httpx: HTTP Request: POST https://api.anthropic.com/v1/messages "HTTP/1.1 401 Unauthorized"
2026-05-15 07:25:59,299 [ERROR] layers.layer123_enrichment: L123 ✗ error: Error code: 401 - {'type': 'error', 'error': {'type': 'authentication_error', 'message': 'invalid x-api-key'}, 'request_id': 'req_011Cb3xTNmKF9Cvpb6f8vB7W'}
2026-05-15 07:25:59,299 [WARNING] layers.layer123_enrichment: L123 ⊘ fallback 'Time Period'
2026-05-15 07:25:59,300 [INFO] utils.body_preserver: [BodyPreserver] Successfully merged: DOCTYPE preserved, body preserved, AI enrichment applied
2026-05-15 07:25:59,301 [INFO] layers.layer2_shortdesc_generator: L2 ✓ shortdesc time_period.dita
2026-05-15 07:25:59,302 [INFO] utils.body_preserver: [BodyPreserver] Successfully merged: DOCTYPE preserved, body preserved, AI enrichment applied
2026-05-15 07:25:59,302 [INFO] layers.layer3_keywords_indexterms: L3 ✓ prolog time_period.dita
2026-05-15 07:25:59,307 [INFO] pipeline.enrich_runner: [EnrichPipeline] Enriched 'Time Period' → type=concept, confidence=low
2026-05-15 07:25:59,379 [INFO] httpx: HTTP Request: POST https://api.anthropic.com/v1/messages "HTTP/1.1 401 Unauthorized"
2026-05-15 07:25:59,380 [ERROR] layers.layer123_enrichment: L123 ✗ error: Error code: 401 - {'type': 'error', 'error': {'type': 'authentication_error', 'message': 'invalid x-api-key'}, 'request_id': 'req_011Cb3xTNctQM9Sobre5cHzr'}
2026-05-15 07:25:59,380 [WARNING] layers.layer123_enrichment: L123 ⊘ fallback 'Preference Shares'
2026-05-15 07:25:59,381 [INFO] utils.body_preserver: [BodyPreserver] Successfully merged: DOCTYPE preserved, body preserved, AI enrichment applied
2026-05-15 07:25:59,382 [INFO] layers.layer2_shortdesc_generator: L2 ✓ shortdesc preference_shares.dita
2026-05-15 07:25:59,383 [INFO] utils.body_preserver: [BodyPreserver] Successfully merged: DOCTYPE preserved, body preserved, AI enrichment applied
2026-05-15 07:25:59,383 [INFO] layers.layer3_keywords_indexterms: L3 ✓ prolog preference_shares.dita
2026-05-15 07:25:59,388 [INFO] pipeline.enrich_runner: [EnrichPipeline] Enriched 'Preference Shares' → type=concept, confidence=low
2026-05-15 07:25:59,422 [INFO] httpx: HTTP Request: POST https://api.anthropic.com/v1/messages "HTTP/1.1 401 Unauthorized"
2026-05-15 07:25:59,423 [ERROR] layers.layer123_enrichment: L123 ✗ error: Error code: 401 - {'type': 'error', 'error': {'type': 'authentication_error', 'message': 'invalid x-api-key'}, 'request_id': 'req_011Cb3xTNn4U9XocBoxaNAth'}
2026-05-15 07:25:59,424 [WARNING] layers.layer123_enrichment: L123 ⊘ fallback 'Rights of the Contributors'
2026-05-15 07:25:59,425 [INFO] utils.body_preserver: [BodyPreserver] Successfully merged: DOCTYPE preserved, body preserved, AI enrichment applied
2026-05-15 07:25:59,425 [INFO] layers.layer2_shortdesc_generator: L2 ✓ shortdesc rights_of_the_contributors.dita
2026-05-15 07:25:59,426 [INFO] utils.body_preserver: [BodyPreserver] Successfully merged: DOCTYPE preserved, body preserved, AI enrichment applied
2026-05-15 07:25:59,427 [INFO] layers.layer3_keywords_indexterms: L3 ✓ prolog rights_of_the_contributors.dita
2026-05-15 07:25:59,431 [INFO] pipeline.enrich_runner: [EnrichPipeline] Enriched 'Rights of the Contributors' → type=concept, confidence=low
2026-05-15 07:25:59,584 [INFO] httpx: HTTP Request: POST https://api.anthropic.com/v1/messages "HTTP/1.1 401 Unauthorized"
2026-05-15 07:25:59,586 [ERROR] layers.layer123_enrichment: L123 ✗ error: Error code: 401 - {'type': 'error', 'error': {'type': 'authentication_error', 'message': 'invalid x-api-key'}, 'request_id': 'req_011Cb3xTPwGRHzvqs2bR68Hi'}
2026-05-15 07:25:59,586 [WARNING] layers.layer123_enrichment: L123 ⊘ fallback 'About NISM Certifications'
2026-05-15 07:25:59,587 [INFO] utils.body_preserver: [BodyPreserver] Successfully merged: DOCTYPE preserved, body preserved, AI enrichment applied
2026-05-15 07:25:59,587 [INFO] layers.layer2_shortdesc_generator: L2 ✓ shortdesc about_nism_certifications.dita
2026-05-15 07:25:59,589 [INFO] utils.body_preserver: [BodyPreserver] Successfully merged: DOCTYPE preserved, body preserved, AI enrichment applied
2026-05-15 07:25:59,589 [INFO] layers.layer3_keywords_indexterms: L3 ✓ prolog about_nism_certifications.dita
2026-05-15 07:25:59,594 [INFO] pipeline.enrich_runner: [EnrichPipeline] Enriched 'About NISM Certifications' → type=concept, confidence=low
2026-05-15 07:25:59,605 [INFO] httpx: HTTP Request: POST https://api.anthropic.com/v1/messages "HTTP/1.1 401 Unauthorized"
2026-05-15 07:25:59,606 [ERROR] layers.layer123_enrichment: L123 ✗ error: Error code: 401 - {'type': 'error', 'error': {'type': 'authentication_error', 'message': 'invalid x-api-key'}, 'request_id': 'req_011Cb3xTPxzvek4Vn7iRBxnw'}
2026-05-15 07:25:59,606 [WARNING] layers.layer123_enrichment: L123 ⊘ fallback 'Uncertain Pay-outs'
2026-05-15 07:25:59,607 [INFO] utils.body_preserver: [BodyPreserver] Successfully merged: DOCTYPE preserved, body preserved, AI enrichment applied
2026-05-15 07:25:59,608 [INFO] layers.layer2_shortdesc_generator: L2 ✓ shortdesc uncertain_pay_outs.dita
2026-05-15 07:25:59,609 [INFO] utils.body_preserver: [BodyPreserver] Successfully merged: DOCTYPE preserved, body preserved, AI enrichment applied
2026-05-15 07:25:59,609 [INFO] layers.layer3_keywords_indexterms: L3 ✓ prolog uncertain_pay_outs.dita
2026-05-15 07:25:59,614 [INFO] pipeline.enrich_runner: [EnrichPipeline] Enriched 'Uncertain Pay-outs' → type=concept, confidence=low
2026-05-15 07:25:59,632 [INFO] httpx: HTTP Request: POST https://api.anthropic.com/v1/messages "HTTP/1.1 401 Unauthorized"
2026-05-15 07:25:59,634 [ERROR] layers.layer123_enrichment: L123 ✗ error: Error code: 401 - {'type': 'error', 'error': {'type': 'authentication_error', 'message': 'invalid x-api-key'}, 'request_id': 'req_011Cb3xTQCPgM4iCW8gwkCYk'}
2026-05-15 07:25:59,634 [WARNING] layers.layer123_enrichment: L123 ⊘ fallback 'About the Certification Examination for Registrars to an Issue and Share Transfer Agents – Mutual Funds'
2026-05-15 07:25:59,635 [INFO] layers.layer1_topic_classifier: L1 ✓ concept→task about_the_certification_examination_for_registrars_to_an_issue_and_share.dita
2026-05-15 07:25:59,635 [INFO] utils.body_preserver: [BodyPreserver] Successfully merged: DOCTYPE preserved, body preserved, AI enrichment applied
2026-05-15 07:25:59,636 [INFO] layers.layer2_shortdesc_generator: L2 ✓ shortdesc about_the_certification_examination_for_registrars_to_an_issue_and_share.dita
2026-05-15 07:25:59,637 [INFO] utils.body_preserver: [BodyPreserver] Successfully merged: DOCTYPE preserved, body preserved, AI enrichment applied
2026-05-15 07:25:59,637 [INFO] layers.layer3_keywords_indexterms: L3 ✓ prolog about_the_certification_examination_for_registrars_to_an_issue_and_share.dita
2026-05-15 07:25:59,642 [INFO] pipeline.enrich_runner: [EnrichPipeline] Enriched 'About the Certification Examination for Registrars to an Issue and Share Transfer Agents – Mutual Funds' → type=task, confidence=low
2026-05-15 07:25:59,762 [INFO] httpx: HTTP Request: POST https://api.anthropic.com/v1/messages "HTTP/1.1 401 Unauthorized"
2026-05-15 07:25:59,763 [ERROR] layers.layer123_enrichment: L123 ✗ error: Error code: 401 - {'type': 'error', 'error': {'type': 'authentication_error', 'message': 'invalid x-api-key'}, 'request_id': 'req_011Cb3xTQitk9SQ6LrmpSjKy'}
2026-05-15 07:25:59,764 [WARNING] layers.layer123_enrichment: L123 ⊘ fallback 'Acknowledgement'
2026-05-15 07:25:59,765 [INFO] utils.body_preserver: [BodyPreserver] Successfully merged: DOCTYPE preserved, body preserved, AI enrichment applied
2026-05-15 07:25:59,765 [INFO] layers.layer2_shortdesc_generator: L2 ✓ shortdesc acknowledgement.dita
2026-05-15 07:25:59,766 [INFO] utils.body_preserver: [BodyPreserver] Successfully merged: DOCTYPE preserved, body preserved, AI enrichment applied
2026-05-15 07:25:59,767 [INFO] layers.layer3_keywords_indexterms: L3 ✓ prolog acknowledgement.dita
2026-05-15 07:25:59,771 [INFO] pipeline.enrich_runner: [EnrichPipeline] Enriched 'Acknowledgement' → type=concept, confidence=low
2026-05-15 07:25:59,957 [INFO] httpx: HTTP Request: POST https://api.anthropic.com/v1/messages "HTTP/1.1 401 Unauthorized"
2026-05-15 07:25:59,959 [ERROR] layers.layer123_enrichment: L123 ✗ error: Error code: 401 - {'type': 'error', 'error': {'type': 'authentication_error', 'message': 'invalid x-api-key'}, 'request_id': 'req_011Cb3xTRWWpufC24aV4UdYW'}
2026-05-15 07:25:59,960 [WARNING] layers.layer123_enrichment: L123 ⊘ fallback 'Examination Objectives'
2026-05-15 07:25:59,962 [INFO] layers.layer1_topic_classifier: L1 ✓ concept→topic examination_objectives.dita
2026-05-15 07:25:59,962 [INFO] utils.body_preserver: [BodyPreserver] Successfully merged: DOCTYPE preserved, body preserved, AI enrichment applied
2026-05-15 07:25:59,963 [INFO] layers.layer2_shortdesc_generator: L2 ✓ shortdesc examination_objectives.dita
2026-05-15 07:25:59,965 [INFO] utils.body_preserver: [BodyPreserver] Successfully merged: DOCTYPE preserved, body preserved, AI enrichment applied
2026-05-15 07:25:59,965 [INFO] layers.layer3_keywords_indexterms: L3 ✓ prolog examination_objectives.dita
2026-05-15 07:25:59,970 [INFO] pipeline.enrich_runner: [EnrichPipeline] Enriched 'Examination Objectives' → type=topic, confidence=low
2026-05-15 07:25:59,972 [INFO] httpx: HTTP Request: POST https://api.anthropic.com/v1/messages "HTTP/1.1 401 Unauthorized"
2026-05-15 07:25:59,975 [ERROR] layers.layer123_enrichment: L123 ✗ error: Error code: 401 - {'type': 'error', 'error': {'type': 'authentication_error', 'message': 'invalid x-api-key'}, 'request_id': 'req_011Cb3xTRUHNU7hhD6nHiybL'}
2026-05-15 07:25:59,976 [WARNING] layers.layer123_enrichment: L123 ⊘ fallback 'Disclaimer'
2026-05-15 07:25:59,978 [INFO] utils.body_preserver: [BodyPreserver] Successfully merged: DOCTYPE preserved, body preserved, AI enrichment applied
2026-05-15 07:25:59,979 [INFO] layers.layer2_shortdesc_generator: L2 ✓ shortdesc disclaimer.dita
2026-05-15 07:25:59,984 [INFO] utils.body_preserver: [BodyPreserver] Successfully merged: DOCTYPE preserved, body preserved, AI enrichment applied
2026-05-15 07:25:59,984 [INFO] layers.layer3_keywords_indexterms: L3 ✓ prolog disclaimer.dita
2026-05-15 07:25:59,990 [INFO] pipeline.enrich_runner: [EnrichPipeline] Enriched 'Disclaimer' → type=concept, confidence=low
2026-05-15 07:25:59,994 [INFO] httpx: HTTP Request: POST https://api.anthropic.com/v1/messages "HTTP/1.1 401 Unauthorized"
2026-05-15 07:25:59,997 [ERROR] layers.layer123_enrichment: L123 ✗ error: Error code: 401 - {'type': 'error', 'error': {'type': 'authentication_error', 'message': 'invalid x-api-key'}, 'request_id': 'req_011Cb3xTRfSfbPWqMfSVarPx'}
2026-05-15 07:25:59,997 [WARNING] layers.layer123_enrichment: L123 ⊘ fallback 'FOREWORD'
2026-05-15 07:25:59,999 [INFO] utils.body_preserver: [BodyPreserver] Successfully merged: DOCTYPE preserved, body preserved, AI enrichment applied
2026-05-15 07:25:59,999 [INFO] layers.layer2_shortdesc_generator: L2 ✓ shortdesc foreword.dita
2026-05-15 07:26:00,001 [INFO] utils.body_preserver: [BodyPreserver] Successfully merged: DOCTYPE preserved, body preserved, AI enrichment applied
2026-05-15 07:26:00,004 [INFO] layers.layer3_keywords_indexterms: L3 ✓ prolog foreword.dita
2026-05-15 07:26:00,014 [INFO] pipeline.enrich_runner: [EnrichPipeline] Enriched 'FOREWORD' → type=concept, confidence=low
2026-05-15 07:26:00,100 [INFO] httpx: HTTP Request: POST https://api.anthropic.com/v1/messages "HTTP/1.1 401 Unauthorized"
2026-05-15 07:26:00,102 [ERROR] layers.layer123_enrichment: L123 ✗ error: Error code: 401 - {'type': 'error', 'error': {'type': 'authentication_error', 'message': 'invalid x-api-key'}, 'request_id': 'req_011Cb3xTSBSvUPLHP58SKCdM'}
2026-05-15 07:26:00,102 [WARNING] layers.layer123_enrichment: L123 ⊘ fallback 'How to register and take the examination'
2026-05-15 07:26:00,104 [INFO] layers.layer1_topic_classifier: L1 ✓ concept→task how_to_register_and_take_the_examination.dita
2026-05-15 07:26:00,104 [INFO] utils.body_preserver: [BodyPreserver] Successfully merged: DOCTYPE preserved, body preserved, AI enrichment applied
2026-05-15 07:26:00,104 [INFO] layers.layer2_shortdesc_generator: L2 ✓ shortdesc how_to_register_and_take_the_examination.dita
2026-05-15 07:26:00,106 [INFO] utils.body_preserver: [BodyPreserver] Successfully merged: DOCTYPE preserved, body preserved, AI enrichment applied
2026-05-15 07:26:00,106 [INFO] layers.layer3_keywords_indexterms: L3 ✓ prolog how_to_register_and_take_the_examination.dita
2026-05-15 07:26:00,111 [INFO] pipeline.enrich_runner: [EnrichPipeline] Enriched 'How to register and take the examination' → type=task, confidence=low
2026-05-15 07:26:00,120 [INFO] httpx: HTTP Request: POST https://api.anthropic.com/v1/messages "HTTP/1.1 401 Unauthorized"
2026-05-15 07:26:00,121 [ERROR] layers.layer123_enrichment: L123 ✗ error: Error code: 401 - {'type': 'error', 'error': {'type': 'authentication_error', 'message': 'invalid x-api-key'}, 'request_id': 'req_011Cb3xTR214YazNypugdD2V'}
2026-05-15 07:26:00,121 [WARNING] layers.layer123_enrichment: L123 ⊘ fallback 'Assessment Structure'
2026-05-15 07:26:00,122 [INFO] utils.body_preserver: [BodyPreserver] Successfully merged: DOCTYPE preserved, body preserved, AI enrichment applied
2026-05-15 07:26:00,123 [INFO] layers.layer2_shortdesc_generator: L2 ✓ shortdesc assessment_structure.dita
2026-05-15 07:26:00,124 [INFO] utils.body_preserver: [BodyPreserver] Successfully merged: DOCTYPE preserved, body preserved, AI enrichment applied
2026-05-15 07:26:00,124 [INFO] layers.layer3_keywords_indexterms: L3 ✓ prolog assessment_structure.dita
2026-05-15 07:26:00,129 [INFO] pipeline.enrich_runner: [EnrichPipeline] Enriched 'Assessment Structure' → type=concept, confidence=low
2026-05-15 07:26:00,339 [INFO] httpx: HTTP Request: POST https://api.anthropic.com/v1/messages "HTTP/1.1 401 Unauthorized"
2026-05-15 07:26:00,340 [ERROR] layers.layer123_enrichment: L123 ✗ error: Error code: 401 - {'type': 'error', 'error': {'type': 'authentication_error', 'message': 'invalid x-api-key'}, 'request_id': 'req_011Cb3xTTDi8cKTK86eYCgkD'}
2026-05-15 07:26:00,340 [WARNING] layers.layer123_enrichment: L123 ⊘ fallback 'Workbook for NISM-Series-II-B: Registrars to an Issue and Share Transfer Agents –Mutual Funds Certification Examination'
2026-05-15 07:26:00,342 [INFO] utils.body_preserver: [BodyPreserver] Successfully merged: DOCTYPE preserved, body preserved, AI enrichment applied
2026-05-15 07:26:00,342 [INFO] layers.layer2_shortdesc_generator: L2 ✓ shortdesc workbook_for_nism_series_ii_b_registrars_to_an_issue_and_share_transfer_agents.dita
2026-05-15 07:26:00,343 [INFO] utils.body_preserver: [BodyPreserver] Successfully merged: DOCTYPE preserved, body preserved, AI enrichment applied
2026-05-15 07:26:00,344 [INFO] layers.layer3_keywords_indexterms: L3 ✓ prolog workbook_for_nism_series_ii_b_registrars_to_an_issue_and_share_transfer_agents.dita
2026-05-15 07:26:00,349 [INFO] pipeline.enrich_runner: [EnrichPipeline] Enriched 'Workbook for NISM-Series-II-B: Registrars to an Issue and Share Transfer Agents –Mutual Funds Certification Examination' → type=concept, confidence=low
2026-05-15 07:26:00,354 [INFO] httpx: HTTP Request: POST https://api.anthropic.com/v1/messages "HTTP/1.1 401 Unauthorized"
2026-05-15 07:26:00,356 [ERROR] layers.layer123_enrichment: L123 ✗ error: Error code: 401 - {'type': 'error', 'error': {'type': 'authentication_error', 'message': 'invalid x-api-key'}, 'request_id': 'req_011Cb3xTTDDQ47WpWXVEnvhZ'}
2026-05-15 07:26:00,356 [WARNING] layers.layer123_enrichment: L123 ⊘ fallback 'NISM-Series-II-B: Registrars to an Issue and Share Transfer Agents - Mutual Fund Certification Examination'
2026-05-15 07:26:00,358 [INFO] layers.layer1_topic_classifier: L1 ✓ reference→concept nism_series_ii_b_registrars_to_an_issue_and_share_transfer_agents_mutual_fund.dita
2026-05-15 07:26:00,358 [INFO] utils.body_preserver: [BodyPreserver] Successfully merged: DOCTYPE preserved, body preserved, AI enrichment applied
2026-05-15 07:26:00,359 [INFO] layers.layer2_shortdesc_generator: L2 ✓ shortdesc nism_series_ii_b_registrars_to_an_issue_and_share_transfer_agents_mutual_fund.dita
2026-05-15 07:26:00,360 [INFO] utils.body_preserver: [BodyPreserver] Successfully merged: DOCTYPE preserved, body preserved, AI enrichment applied
2026-05-15 07:26:00,360 [INFO] layers.layer3_keywords_indexterms: L3 ✓ prolog nism_series_ii_b_registrars_to_an_issue_and_share_transfer_agents_mutual_fund.dita
2026-05-15 07:26:00,365 [INFO] pipeline.enrich_runner: [EnrichPipeline] Enriched 'NISM-Series-II-B: Registrars to an Issue and Share Transfer Agents - Mutual Fund Certification Examination' → type=concept, confidence=low
2026-05-15 07:26:00,366 [INFO] httpx: HTTP Request: POST https://api.anthropic.com/v1/messages "HTTP/1.1 401 Unauthorized"
2026-05-15 07:26:00,368 [ERROR] layers.layer123_enrichment: L123 ✗ error: Error code: 401 - {'type': 'error', 'error': {'type': 'authentication_error', 'message': 'invalid x-api-key'}, 'request_id': 'req_011Cb3xTTFh6CvCpqdyZtHSk'}
2026-05-15 07:26:00,368 [WARNING] layers.layer123_enrichment: L123 ⊘ fallback 'Important'
2026-05-15 07:26:00,369 [INFO] utils.body_preserver: [BodyPreserver] Successfully merged: DOCTYPE preserved, body preserved, AI enrichment applied
2026-05-15 07:26:00,369 [INFO] layers.layer2_shortdesc_generator: L2 ✓ shortdesc important.dita
2026-05-15 07:26:00,371 [INFO] utils.body_preserver: [BodyPreserver] Successfully merged: DOCTYPE preserved, body preserved, AI enrichment applied
2026-05-15 07:26:00,371 [INFO] layers.layer3_keywords_indexterms: L3 ✓ prolog important.dita
2026-05-15 07:26:00,376 [INFO] pipeline.enrich_runner: [EnrichPipeline] Enriched 'Important' → type=concept, confidence=low
2026-05-15 07:26:00,377 [INFO] pipeline.enrich_runner: [EnrichPipeline] Layers 1+2+3 complete — 91 topics processed
2026-05-15 07:26:00,377 [INFO] pipeline.enrich_runner: [EnrichPipeline] Reclassification summary — 11 of 91 topics had type changed by AI
2026-05-15 07:26:00,377 [INFO] pipeline.enrich_runner: [EnrichPipeline] [RECLASSIFIED] characteristics_of_debt_securities/chapter_3_sample_questions.dita task → concept (confidence=low)
2026-05-15 07:26:00,378 [INFO] pipeline.enrich_runner: [EnrichPipeline] [RECLASSIFIED] characteristics_of_equity_shares/chapter_2_sample_questions.dita task → concept (confidence=low)
2026-05-15 07:26:00,378 [INFO] pipeline.enrich_runner: [EnrichPipeline] [RECLASSIFIED] characteristics_of_equity_shares/characteristics_of_equity_shares.dita concept → topic (confidence=low)
2026-05-15 07:26:00,378 [INFO] pipeline.enrich_runner: [EnrichPipeline] [RECLASSIFIED] characteristics_of_other_securities/chapter_4_sample_questions.dita task → concept (confidence=low)
2026-05-15 07:26:00,378 [INFO] pipeline.enrich_runner: [EnrichPipeline] [RECLASSIFIED] characteristics_of_other_securities/exchange_traded_funds_and_index_funds.dita reference → concept (confidence=low)
2026-05-15 07:26:00,378 [INFO] pipeline.enrich_runner: [EnrichPipeline] [RECLASSIFIED] introduction_to_securities/chapter_1_sample_questions.dita   task → concept (confidence=low)
2026-05-15 07:26:00,378 [INFO] pipeline.enrich_runner: [EnrichPipeline] [RECLASSIFIED] introduction_to_securities/contributors.dita                 concept → task (confidence=low)
2026-05-15 07:26:00,378 [INFO] pipeline.enrich_runner: [EnrichPipeline] [RECLASSIFIED] workbook_for_nism_series_ii_b_registrars_to_an_issue_and_share_transfer_agents/about_the_certification_examination_for_registrars_to_an_issue_and_share.dita concept → task (confidence=low)
2026-05-15 07:26:00,378 [INFO] pipeline.enrich_runner: [EnrichPipeline] [RECLASSIFIED] workbook_for_nism_series_ii_b_registrars_to_an_issue_and_share_transfer_agents/examination_objectives.dita concept → topic (confidence=low)
2026-05-15 07:26:00,378 [INFO] pipeline.enrich_runner: [EnrichPipeline] [RECLASSIFIED] workbook_for_nism_series_ii_b_registrars_to_an_issue_and_share_transfer_agents/how_to_register_and_take_the_examination.dita concept → task (confidence=low)
2026-05-15 07:26:00,378 [INFO] pipeline.enrich_runner: [EnrichPipeline] [RECLASSIFIED] workbook_for_nism_series_ii_b_registrars_to_an_issue_and_share_transfer_agents/nism_series_ii_b_registrars_to_an_issue_and_share_transfer_agents_mutual_fund.dita reference → concept (confidence=low)
2026-05-15 07:26:00,378 [INFO] pipeline.enrich_runner: [EnrichPipeline] ══ AFTER ENRICHMENT ═══════════════════════════════
2026-05-15 07:26:00,378 [INFO] pipeline.enrich_runner: [EnrichPipeline] [AFTER]  characteristics_of_debt_securities/amortising_bonds.dita type=concept    shortdesc='The structure of some bonds may be such that the principal is not repa…'
2026-05-15 07:26:00,379 [INFO] pipeline.enrich_runner: [EnrichPipeline]          keywords=['amortising', 'principal', 'loans', 'Amortising', 'Bonds', 'bonds'] | indexterms=['amortising', 'principal', 'loans']
2026-05-15 07:26:00,379 [INFO] pipeline.enrich_runner: [EnrichPipeline] [AFTER]  characteristics_of_debt_securities/asset_backed_securities.dita type=concept    shortdesc='Asset backed securities represent a class of fixed income products, cr…'
2026-05-15 07:26:00,379 [INFO] pipeline.enrich_runner: [EnrichPipeline]          keywords=['backed', 'bonds', 'Asset', 'securities', 'represent', 'Securities'] | indexterms=['backed', 'bonds', 'Asset']
2026-05-15 07:26:00,379 [INFO] pipeline.enrich_runner: [EnrichPipeline] [AFTER]  characteristics_of_debt_securities/chapter_3_sample_questions.dita type=concept    shortdesc='_________ of a bond refers to the interest payable on a bond.'
2026-05-15 07:26:00,379 [INFO] pipeline.enrich_runner: [EnrichPipeline]          keywords=['interest', 'Chapter', 'Sample', 'Questions', 'bonds', 'short'] | indexterms=['interest', 'Chapter', 'Sample']
2026-05-15 07:26:00,379 [INFO] pipeline.enrich_runner: [EnrichPipeline] [AFTER]  characteristics_of_debt_securities/characteristics_of_debt_securities.dita type=concept    shortdesc='LEARNING OBJECTIVES:'
2026-05-15 07:26:00,379 [INFO] pipeline.enrich_runner: [EnrichPipeline]          keywords=['Debt', 'Characteristics', 'Securities', 'Features', 'Market', 'instruments'] | indexterms=['Debt', 'Characteristics', 'Securities']
2026-05-15 07:26:00,379 [INFO] pipeline.enrich_runner: [EnrichPipeline] [AFTER]  characteristics_of_debt_securities/classification_of_debt_market.dita type=concept    shortdesc='There are two broad ways in which bond markets can be segmented.'
2026-05-15 07:26:00,380 [INFO] pipeline.enrich_runner: [EnrichPipeline]          keywords=['bonds', 'issued', 'government', 'credit', 'segment', 'markets'] | indexterms=['bonds', 'issued', 'government']
2026-05-15 07:26:00,380 [INFO] pipeline.enrich_runner: [EnrichPipeline] [AFTER]  characteristics_of_debt_securities/convertible_debt_securities.dita type=concept    shortdesc='As already discussed in Unit 1, convertible debt securities are hybrid…'
2026-05-15 07:26:00,380 [INFO] pipeline.enrich_runner: [EnrichPipeline]          keywords=['securities', 'equity', 'converted', 'lower', 'Convertible', 'Debt'] | indexterms=['securities', 'equity', 'converted']
2026-05-15 07:26:00,380 [INFO] pipeline.enrich_runner: [EnrichPipeline] [AFTER]  characteristics_of_debt_securities/credit_rating.dita type=concept    shortdesc='The biggest risk faced by investors in debt securities is the possibil…'
2026-05-15 07:26:00,380 [INFO] pipeline.enrich_runner: [EnrichPipeline]          keywords=['rating', 'timely', 'considered', 'regarding', 'credit', 'instruments'] | indexterms=['rating', 'timely', 'considered']
2026-05-15 07:26:00,380 [INFO] pipeline.enrich_runner: [EnrichPipeline] [AFTER]  characteristics_of_debt_securities/current_yield.dita type=concept    shortdesc='simply compares the coupon of a bond with its market price (Coupon of …'
2026-05-15 07:26:00,380 [INFO] pipeline.enrich_runner: [EnrichPipeline]          keywords=['Current', 'yield', 'market', 'Yield', 'coupon', 'price'] | indexterms=['Current', 'yield', 'market']
2026-05-15 07:26:00,380 [INFO] pipeline.enrich_runner: [EnrichPipeline] [AFTER]  characteristics_of_debt_securities/features_of_a_debt_security.dita type=concept    shortdesc='A debt security denotes a contract between the issuer (company) and th…'
2026-05-15 07:26:00,380 [INFO] pipeline.enrich_runner: [EnrichPipeline]          keywords=['holders', 'value', 'company', 'principal', 'maturity', 'debenture'] | indexterms=['holders', 'value', 'company']
2026-05-15 07:26:00,380 [INFO] pipeline.enrich_runner: [EnrichPipeline] [AFTER]  characteristics_of_debt_securities/fixed_rate_bonds.dita type=concept    shortdesc='pay a pre-defined interest that are payable at specified intervals. Su…'
2026-05-15 07:26:00,381 [INFO] pipeline.enrich_runner: [EnrichPipeline]          keywords=['Fixed', 'bonds', 'interest', 'plain', 'vanilla', 'Rate'] | indexterms=['Fixed', 'bonds', 'interest']
2026-05-15 07:26:00,381 [INFO] pipeline.enrich_runner: [EnrichPipeline] [AFTER]  characteristics_of_debt_securities/floating_rate_bonds.dita type=concept    shortdesc='Instead of a pre-determined rate at which coupons are paid, it is poss…'
2026-05-15 07:26:00,381 [INFO] pipeline.enrich_runner: [EnrichPipeline]          keywords=['bonds', 'reset', 'Rate', 'benchmark', 'coupon', 'floating'] | indexterms=['bonds', 'reset', 'Rate']
2026-05-15 07:26:00,381 [INFO] pipeline.enrich_runner: [EnrichPipeline] [AFTER]  characteristics_of_debt_securities/inflation_indexed_bonds.dita type=concept    shortdesc='(IIB) are a category of floating rate bonds where the benchmark is the…'
2026-05-15 07:26:00,381 [INFO] pipeline.enrich_runner: [EnrichPipeline]          keywords=['Inflation', 'Indexed', 'Bonds', 'inflation', 'category', 'floating'] | indexterms=['Inflation', 'Indexed', 'Bonds']
2026-05-15 07:26:00,381 [INFO] pipeline.enrich_runner: [EnrichPipeline] [AFTER]  characteristics_of_debt_securities/market_value_of_a_debt_security.dita type=concept    shortdesc='As stated earlier, the face value or par value of a debt instrument is…'
2026-05-15 07:26:00,381 [INFO] pipeline.enrich_runner: [EnrichPipeline]          keywords=['value', 'Market', 'instrument', 'market', 'Value', 'Debt'] | indexterms=['value', 'Market', 'instrument']
2026-05-15 07:26:00,381 [INFO] pipeline.enrich_runner: [EnrichPipeline] [AFTER]  characteristics_of_debt_securities/money_market_instruments.dita type=concept    shortdesc='Money market refers to the market where instruments with a maturity of…'
2026-05-15 07:26:00,381 [INFO] pipeline.enrich_runner: [EnrichPipeline]          keywords=['market', 'Money', 'Instruments', 'Market', 'banks', 'money'] | indexterms=['market', 'Money', 'Instruments']
2026-05-15 07:26:00,381 [INFO] pipeline.enrich_runner: [EnrichPipeline] [AFTER]  characteristics_of_debt_securities/other_types_of_bonds.dita type=concept    shortdesc='Some of other structures are: (a) deferred interest bonds, where the b…'
2026-05-15 07:26:00,382 [INFO] pipeline.enrich_runner: [EnrichPipeline]          keywords=['bonds', 'Other', 'types', 'interest', 'where', 'initial'] | indexterms=['bonds', 'Other', 'types']
2026-05-15 07:26:00,382 [INFO] pipeline.enrich_runner: [EnrichPipeline] [AFTER]  characteristics_of_debt_securities/types_of_debt_securities.dita SKIPPED (empty topic)
2026-05-15 07:26:00,382 [INFO] pipeline.enrich_runner: [EnrichPipeline] [AFTER]  characteristics_of_debt_securities/unrated_bonds.dita type=concept    shortdesc='Bonds that do not have any current or valid rating by an external rati…'
2026-05-15 07:26:00,382 [INFO] pipeline.enrich_runner: [EnrichPipeline]          keywords=['unrated', 'instruments', 'Bonds', 'Unrated', 'rating', 'current'] | indexterms=['unrated', 'instruments', 'Bonds']
2026-05-15 07:26:00,382 [INFO] pipeline.enrich_runner: [EnrichPipeline] [AFTER]  characteristics_of_debt_securities/yield_from_debt_instruments.dita type=concept    shortdesc='The return to an investor in bonds is known as yield. The returns to a…'
2026-05-15 07:26:00,382 [INFO] pipeline.enrich_runner: [EnrichPipeline]          keywords=['investor', 'returns', 'coupon', 'Yield', 'Debt', 'Instruments'] | indexterms=['investor', 'returns', 'coupon']
2026-05-15 07:26:00,382 [INFO] pipeline.enrich_runner: [EnrichPipeline] [AFTER]  characteristics_of_debt_securities/yield_to_maturity_ytm.dita type=concept    shortdesc='is a popular and extensively used method for computing the return on a…'
2026-05-15 07:26:00,382 [INFO] pipeline.enrich_runner: [EnrichPipeline]          keywords=['flows', 'Yield', 'value', 'Maturity', 'maturity', 'price'] | indexterms=['flows', 'Yield', 'value']
2026-05-15 07:26:00,382 [INFO] pipeline.enrich_runner: [EnrichPipeline] [AFTER]  characteristics_of_debt_securities/zero_coupon_bond.dita type=concept    shortdesc='In such a bond, no coupons are paid or specified. The bond is issued a…'
2026-05-15 07:26:00,382 [INFO] pipeline.enrich_runner: [EnrichPipeline]          keywords=['interest', 'issued', 'discount', 'value', 'Zero', 'Coupon'] | indexterms=['interest', 'issued', 'discount']
2026-05-15 07:26:00,382 [INFO] pipeline.enrich_runner: [EnrichPipeline] [AFTER]  characteristics_of_equity_shares/authorised_capital.dita type=concept    shortdesc='The maximum amount of equity capital that a company will have is defin…'
2026-05-15 07:26:00,382 [INFO] pipeline.enrich_runner: [EnrichPipeline]          keywords=['Authorised', 'Capital', 'capital', 'company', 'maximum', 'amount'] | indexterms=['Authorised', 'Capital', 'capital']
2026-05-15 07:26:00,382 [INFO] pipeline.enrich_runner: [EnrichPipeline] [AFTER]  characteristics_of_equity_shares/bonus_issue.dita  type=concept    shortdesc='A company may issue additional shares to existing shareholders without…'
2026-05-15 07:26:00,382 [INFO] pipeline.enrich_runner: [EnrichPipeline]          keywords=['issue', 'shares', 'bonus', 'Bonus', 'company', 'shareholders'] | indexterms=['issue', 'shares', 'bonus']
2026-05-15 07:26:00,382 [INFO] pipeline.enrich_runner: [EnrichPipeline] [AFTER]  characteristics_of_equity_shares/buyback_of_shares.dita type=concept    shortdesc='refers to repurchase of shares by the company from its existing shareh…'
2026-05-15 07:26:00,382 [INFO] pipeline.enrich_runner: [EnrichPipeline]          keywords=['shares', 'Buyback', 'company', 'buyback', 'shareholders', 'share'] | indexterms=['shares', 'Buyback', 'company']
2026-05-15 07:26:00,382 [INFO] pipeline.enrich_runner: [EnrichPipeline] [AFTER]  characteristics_of_equity_shares/chapter_2_sample_questions.dita type=concept    shortdesc='_____ rights give the equity investor a say in the management of the c…'
2026-05-15 07:26:00,382 [INFO] pipeline.enrich_runner: [EnrichPipeline]          keywords=['issue', 'shares', 'permitted', 'dividend', 'Chapter', 'Sample'] | indexterms=['issue', 'shares', 'permitted']
2026-05-15 07:26:00,382 [INFO] pipeline.enrich_runner: [EnrichPipeline] [AFTER]  characteristics_of_equity_shares/characteristics_of_equity_shares.dita type=topic      shortdesc='LEARNING OBJECTIVES:'
2026-05-15 07:26:00,382 [INFO] pipeline.enrich_runner: [EnrichPipeline]          keywords=['Equity', 'Shares', 'Characteristics', 'Rights', 'Issue', 'LEARNING'] | indexterms=['Equity', 'Shares', 'Characteristics']
2026-05-15 07:26:00,382 [INFO] pipeline.enrich_runner: [EnrichPipeline] [AFTER]  characteristics_of_equity_shares/corporate_actions.dita type=concept    shortdesc='A corporate action is an event initiated by a public company that will…'
2026-05-15 07:26:00,382 [INFO] pipeline.enrich_runner: [EnrichPipeline]          keywords=['Corporate', 'company', 'Actions', 'mdash', 'corporate', 'action'] | indexterms=['Corporate', 'company', 'Actions']
2026-05-15 07:26:00,382 [INFO] pipeline.enrich_runner: [EnrichPipeline] [AFTER]  characteristics_of_equity_shares/dividend.dita     type=concept    shortdesc='The most common corporate action is payment of dividend. Equity shareh…'
2026-05-15 07:26:00,382 [INFO] pipeline.enrich_runner: [EnrichPipeline]          keywords=['dividend', 'company', 'share', 'declared', 'Dividend', 'value'] | indexterms=['dividend', 'company', 'share']
2026-05-15 07:26:00,383 [INFO] pipeline.enrich_runner: [EnrichPipeline] [AFTER]  characteristics_of_equity_shares/equity_terminology.dita SKIPPED (empty topic)
2026-05-15 07:26:00,383 [INFO] pipeline.enrich_runner: [EnrichPipeline] [AFTER]  characteristics_of_equity_shares/face_value.dita   type=concept    shortdesc='The total equity capital required by a company is divided into smaller…'
2026-05-15 07:26:00,383 [INFO] pipeline.enrich_runner: [EnrichPipeline]          keywords=['value', 'Face', 'company', 'shares', 'share', 'Value'] | indexterms=['value', 'Face', 'company']
2026-05-15 07:26:00,383 [INFO] pipeline.enrich_runner: [EnrichPipeline] [AFTER]  characteristics_of_equity_shares/fully_paid_up_shares.dita type=concept    shortdesc='Fully paid shares are those, of which entire face value amount is coll…'
2026-05-15 07:26:00,383 [INFO] pipeline.enrich_runner: [EnrichPipeline]          keywords=['Fully', 'Paid', 'Shares', 'amount', 'shares', 'those'] | indexterms=['Fully', 'Paid', 'Shares']
2026-05-15 07:26:00,383 [INFO] pipeline.enrich_runner: [EnrichPipeline] [AFTER]  characteristics_of_equity_shares/institutional_investors.dita type=concept    shortdesc='include financial institutions, venture capital firms, mutual funds, f…'
2026-05-15 07:26:00,383 [INFO] pipeline.enrich_runner: [EnrichPipeline]          keywords=['investors', 'capital', 'Institutional', 'venture', 'firms', 'mutual'] | indexterms=['investors', 'capital', 'Institutional']
2026-05-15 07:26:00,383 [INFO] pipeline.enrich_runner: [EnrichPipeline] [AFTER]  characteristics_of_equity_shares/investors_in_equity_shares.dita type=concept    shortdesc='A company raises equity capital to meet its need for long-term funds f…'
2026-05-15 07:26:00,383 [INFO] pipeline.enrich_runner: [EnrichPipeline]          keywords=['company', 'capital', 'Equity', 'investors', 'Investors', 'Shares'] | indexterms=['company', 'capital', 'Equity']
2026-05-15 07:26:00,383 [INFO] pipeline.enrich_runner: [EnrichPipeline] [AFTER]  characteristics_of_equity_shares/issued_capital.dita type=concept    shortdesc='The company may issue a portion of its authorised capital as and when …'
2026-05-15 07:26:00,384 [INFO] pipeline.enrich_runner: [EnrichPipeline]          keywords=['capital', 'issued', 'value', 'Issued', 'Capital', 'company'] | indexterms=['capital', 'issued', 'value']
2026-05-15 07:26:00,384 [INFO] pipeline.enrich_runner: [EnrichPipeline] [AFTER]  characteristics_of_equity_shares/liquidity_risk.dita type=concept    shortdesc='A shareholder has the right to sell his shares to other investors. How…'
2026-05-15 07:26:00,384 [INFO] pipeline.enrich_runner: [EnrichPipeline]          keywords=['shares', 'Liquidity', 'Risk', 'shareholder', 'price', 'value'] | indexterms=['shares', 'Liquidity', 'Risk']
2026-05-15 07:26:00,384 [INFO] pipeline.enrich_runner: [EnrichPipeline] [AFTER]  characteristics_of_equity_shares/no_collateral_security.dita type=concept    shortdesc='Equity capital is not secured by the assets of the company. The cash a…'
2026-05-15 07:26:00,384 [INFO] pipeline.enrich_runner: [EnrichPipeline]          keywords=['company', 'assets', 'claims', 'equity', 'shareholders', 'Collateral'] | indexterms=['company', 'assets', 'claims']
2026-05-15 07:26:00,384 [INFO] pipeline.enrich_runner: [EnrichPipeline] [AFTER]  characteristics_of_equity_shares/no_fixed_return.dita type=concept    shortdesc='The return in the form of dividend from equity is not pre-defined eith…'
2026-05-15 07:26:00,384 [INFO] pipeline.enrich_runner: [EnrichPipeline]          keywords=['company', 'equity', 'return', 'dividend', 'profits', 'shares'] | indexterms=['company', 'equity', 'return']
2026-05-15 07:26:00,384 [INFO] pipeline.enrich_runner: [EnrichPipeline] [AFTER]  characteristics_of_equity_shares/no_fixed_tenor.dita type=concept    shortdesc='Equity shares are issued for perpetuity. This means that there is no p…'
2026-05-15 07:26:00,384 [INFO] pipeline.enrich_runner: [EnrichPipeline]          keywords=['Fixed', 'Tenor', 'shares', 'Equity', 'issued', 'perpetuity'] | indexterms=['Fixed', 'Tenor', 'shares']
2026-05-15 07:26:00,384 [INFO] pipeline.enrich_runner: [EnrichPipeline] [AFTER]  characteristics_of_equity_shares/other_rights.dita type=concept    shortdesc='Shareholders have other rights such as right to inspect documents rela…'
2026-05-15 07:26:00,384 [INFO] pipeline.enrich_runner: [EnrichPipeline]          keywords=['rights', 'right', 'Other', 'Rights', 'company', 'Anti'] | indexterms=['rights', 'right', 'Other']
2026-05-15 07:26:00,384 [INFO] pipeline.enrich_runner: [EnrichPipeline] [AFTER]  characteristics_of_equity_shares/outstanding_shares.dita type=concept    shortdesc='refer to the total number of shares issued by the company to its inves…'
2026-05-15 07:26:00,384 [INFO] pipeline.enrich_runner: [EnrichPipeline]          keywords=['capital', 'Crore', 'shares', 'Outstanding', 'issued', 'company'] | indexterms=['capital', 'Crore', 'shares']
2026-05-15 07:26:00,385 [INFO] pipeline.enrich_runner: [EnrichPipeline] [AFTER]  characteristics_of_equity_shares/ownership_rights_2.dita type=concept    shortdesc='Equity represents ownership of the company. Equity shareholders are ow…'
2026-05-15 07:26:00,385 [INFO] pipeline.enrich_runner: [EnrichPipeline]          keywords=['company', 'Equity', 'shareholders', 'shares', 'equity', 'Ownership'] | indexterms=['company', 'Equity', 'shareholders']
2026-05-15 07:26:00,385 [INFO] pipeline.enrich_runner: [EnrichPipeline] [AFTER]  characteristics_of_equity_shares/ownership_transfer_rights.dita type=concept    shortdesc='A company is not required to return the equity capital to the investor…'
2026-05-15 07:26:00,385 [INFO] pipeline.enrich_runner: [EnrichPipeline]          keywords=['Ownership', 'Transfer', 'Rights', 'investors', 'shares', 'company'] | indexterms=['Ownership', 'Transfer', 'Rights']
2026-05-15 07:26:00,385 [INFO] pipeline.enrich_runner: [EnrichPipeline] [AFTER]  characteristics_of_equity_shares/paid_up_capital.dita type=concept    shortdesc='When investors subscribe to the capital issued by a company, they may …'
2026-05-15 07:26:00,385 [INFO] pipeline.enrich_runner: [EnrichPipeline]          keywords=['capital', 'Paid', 'Capital', 'issued', 'company', 'When'] | indexterms=['capital', 'Paid', 'Capital']
2026-05-15 07:26:00,385 [INFO] pipeline.enrich_runner: [EnrichPipeline] [AFTER]  characteristics_of_equity_shares/partly_paid_up_shares.dita type=concept    shortdesc='are those on which entire face value amount is not collected from shar…'
2026-05-15 07:26:00,385 [INFO] pipeline.enrich_runner: [EnrichPipeline]          keywords=['Partly', 'Paid', 'Shares', 'shares', 'amount', 'company'] | indexterms=['Partly', 'Paid', 'Shares']
2026-05-15 07:26:00,385 [INFO] pipeline.enrich_runner: [EnrichPipeline] [AFTER]  characteristics_of_equity_shares/preference_shares_2.dita type=concept    shortdesc='resemble debt instruments because they offer pre-determined rate of di…'
2026-05-15 07:26:00,385 [INFO] pipeline.enrich_runner: [EnrichPipeline]          keywords=['Preference', 'Shares', 'shares', 'dividend', 'company', 'resemble'] | indexterms=['Preference', 'Shares', 'shares']
2026-05-15 07:26:00,386 [INFO] pipeline.enrich_runner: [EnrichPipeline] [AFTER]  characteristics_of_equity_shares/preferential_issue.dita type=concept    shortdesc='A company may issue shares to a strategic investor or collaborator at …'
2026-05-15 07:26:00,386 [INFO] pipeline.enrich_runner: [EnrichPipeline]          keywords=['issue', 'Preferential', 'Issue', 'existing', 'shareholders', 'company'] | indexterms=['issue', 'Preferential', 'Issue']
2026-05-15 07:26:00,386 [INFO] pipeline.enrich_runner: [EnrichPipeline] [AFTER]  characteristics_of_equity_shares/promoters.dita    type=concept    shortdesc='are the group of investors who set up the company and bring in the ini…'
2026-05-15 07:26:00,386 [INFO] pipeline.enrich_runner: [EnrichPipeline]          keywords=['capital', 'Promoters', 'business', 'investors', 'company', 'bring'] | indexterms=['capital', 'Promoters', 'business']
2026-05-15 07:26:00,386 [INFO] pipeline.enrich_runner: [EnrichPipeline] [AFTER]  characteristics_of_equity_shares/public_investors.dita type=concept    shortdesc='When the equity shares are held by promoters and a few investors, it i…'
2026-05-15 07:26:00,386 [INFO] pipeline.enrich_runner: [EnrichPipeline]          keywords=['company', 'shares', 'investors', 'public', 'Public', 'Investors'] | indexterms=['company', 'shares', 'investors']
2026-05-15 07:26:00,386 [INFO] pipeline.enrich_runner: [EnrichPipeline] [AFTER]  characteristics_of_equity_shares/right_to_dividend.dita type=concept    shortdesc='Ownership rights in a company also mean that the investors who hold eq…'
2026-05-15 07:26:00,386 [INFO] pipeline.enrich_runner: [EnrichPipeline]          keywords=['company', 'Right', 'Dividend', 'Ownership', 'rights', 'investors'] | indexterms=['company', 'Right', 'Dividend']
2026-05-15 07:26:00,386 [INFO] pipeline.enrich_runner: [EnrichPipeline] [AFTER]  characteristics_of_equity_shares/rights_issue_of_shares.dita type=concept    shortdesc='A company may raise equity capital from its investors at various times…'
2026-05-15 07:26:00,386 [INFO] pipeline.enrich_runner: [EnrichPipeline]          keywords=['capital', 'company', 'issue', 'shares', 'existing', 'rights'] | indexterms=['capital', 'company', 'issue']
2026-05-15 07:26:00,386 [INFO] pipeline.enrich_runner: [EnrichPipeline] [AFTER]  characteristics_of_equity_shares/rights_of_a_shareholder.dita type=concept    shortdesc='Equity share capital has distinct features which define its risk and r…'
2026-05-15 07:26:00,387 [INFO] pipeline.enrich_runner: [EnrichPipeline]          keywords=['Rights', 'Shareholder', 'capital', 'features', 'equity', 'company'] | indexterms=['Rights', 'Shareholder', 'capital']
2026-05-15 07:26:00,387 [INFO] pipeline.enrich_runner: [EnrichPipeline] [AFTER]  characteristics_of_equity_shares/risks_in_equity_investing.dita type=concept    shortdesc='Investment in equity shares also involves certain risks to the investo…'
2026-05-15 07:26:00,387 [INFO] pipeline.enrich_runner: [EnrichPipeline]          keywords=['Risks', 'Equity', 'Investing', 'Investment', 'equity', 'shares'] | indexterms=['Risks', 'Equity', 'Investing']
2026-05-15 07:26:00,387 [INFO] pipeline.enrich_runner: [EnrichPipeline] [AFTER]  characteristics_of_equity_shares/share_premium.dita type=concept    shortdesc='Companies issue shares at face value or at prices higher than the face…'
2026-05-15 07:26:00,387 [INFO] pipeline.enrich_runner: [EnrichPipeline]          keywords=['value', 'share', 'Share', 'Premium', 'company', 'shares'] | indexterms=['value', 'share', 'Share']
2026-05-15 07:26:00,387 [INFO] pipeline.enrich_runner: [EnrichPipeline] [AFTER]  characteristics_of_equity_shares/stock_split_and_consolidation.dita type=concept    shortdesc='A company may decide to change the face value of its shares. This is d…'
2026-05-15 07:26:00,387 [INFO] pipeline.enrich_runner: [EnrichPipeline]          keywords=['value', 'shares', 'Stock', 'share', 'Split', 'Consolidation'] | indexterms=['value', 'shares', 'Stock']
2026-05-15 07:26:00,387 [INFO] pipeline.enrich_runner: [EnrichPipeline] [AFTER]  characteristics_of_other_securities/chapter_4_sample_questions.dita type=concept    shortdesc='A warrant is a right to subscribe to the _____ of a company.'
2026-05-15 07:26:00,387 [INFO] pipeline.enrich_runner: [EnrichPipeline]          keywords=['Depository', 'Chapter', 'Sample', 'Questions', 'Foreign', 'Stock'] | indexterms=['Depository', 'Chapter', 'Sample']
2026-05-15 07:26:00,387 [INFO] pipeline.enrich_runner: [EnrichPipeline] [AFTER]  characteristics_of_other_securities/characteristics_of_other_securities.dita type=concept    shortdesc='Learning Objectives:'
2026-05-15 07:26:00,388 [INFO] pipeline.enrich_runner: [EnrichPipeline]          keywords=['Characteristics', 'Other', 'Securities', 'Convertible', 'Funds', 'Investment'] | indexterms=['Characteristics', 'Other', 'Securities']
2026-05-15 07:26:00,388 [INFO] pipeline.enrich_runner: [EnrichPipeline] [AFTER]  characteristics_of_other_securities/convertible_debentures_2.dita type=concept    shortdesc='pay interest like any other debt instrument till the date of maturity.…'
2026-05-15 07:26:00,388 [INFO] pipeline.enrich_runner: [EnrichPipeline]          keywords=['Convertible', 'maturity', 'conversion', 'Debentures', 'instrument', 'converted'] | indexterms=['Convertible', 'maturity', 'conversion']
2026-05-15 07:26:00,388 [INFO] pipeline.enrich_runner: [EnrichPipeline] [AFTER]  characteristics_of_other_securities/depository_receipts.dita type=concept    shortdesc='(DRs) are financial instruments that represent shares of a local compa…'
2026-05-15 07:26:00,388 [INFO] pipeline.enrich_runner: [EnrichPipeline]          keywords=['shares', 'company', 'stock', 'issue', 'Depository', 'listed'] | indexterms=['shares', 'company', 'stock']
2026-05-15 07:26:00,388 [INFO] pipeline.enrich_runner: [EnrichPipeline] [AFTER]  characteristics_of_other_securities/exchange_traded_funds_and_index_funds.dita type=concept    shortdesc='Exchange Traded Funds (ETFs) are a type of mutual funds that are liste…'
2026-05-15 07:26:00,388 [INFO] pipeline.enrich_runner: [EnrichPipeline]          keywords=['Funds', 'ETFs', 'Exchange', 'index', 'Traded', 'Index'] | indexterms=['Funds', 'ETFs', 'Exchange']
2026-05-15 07:26:00,388 [INFO] pipeline.enrich_runner: [EnrichPipeline] [AFTER]  characteristics_of_other_securities/foreign_currency_convertible_bonds.dita type=concept    shortdesc='(FCCB) are issued by Indian companies and subscribed to by investors i…'
2026-05-15 07:26:00,388 [INFO] pipeline.enrich_runner: [EnrichPipeline]          keywords=['Foreign', 'Currency', 'Convertible', 'Bonds', 'FCCBs', 'price'] | indexterms=['Foreign', 'Currency', 'Convertible']
2026-05-15 07:26:00,388 [INFO] pipeline.enrich_runner: [EnrichPipeline] [AFTER]  characteristics_of_other_securities/infrastructure_investment_trusts_invits.dita type=concept    shortdesc='InvITs are trusts registered with SEBI that invest in the infrastructu…'
2026-05-15 07:26:00,388 [INFO] pipeline.enrich_runner: [EnrichPipeline]          keywords=['InvITs', 'offer', 'shall', 'Infrastructure', 'Investment', 'Trusts'] | indexterms=['InvITs', 'offer', 'shall']
2026-05-15 07:26:00,388 [INFO] pipeline.enrich_runner: [EnrichPipeline] [AFTER]  characteristics_of_other_securities/investment_trusts.dita type=concept    shortdesc='An Investment Trust pools the funds of its investors/ shareholders and…'
2026-05-15 07:26:00,388 [INFO] pipeline.enrich_runner: [EnrichPipeline]          keywords=['Investment', 'Trusts', 'funds', 'Trust', 'pools', 'investors'] | indexterms=['Investment', 'Trusts', 'funds']
2026-05-15 07:26:00,388 [INFO] pipeline.enrich_runner: [EnrichPipeline] [AFTER]  characteristics_of_other_securities/real_estate_investment_trusts_reits.dita type=concept    shortdesc='REITs are trusts registered with SEBI that invest in commercial real e…'
2026-05-15 07:26:00,388 [INFO] pipeline.enrich_runner: [EnrichPipeline]          keywords=['offer', 'REITs', 'initial', 'Real', 'Estate', 'Investment'] | indexterms=['offer', 'REITs', 'initial']
2026-05-15 07:26:00,388 [INFO] pipeline.enrich_runner: [EnrichPipeline] [AFTER]  characteristics_of_other_securities/warrants.dita  type=concept    shortdesc='give the investors the right to buy shares of the company in the futur…'
2026-05-15 07:26:00,388 [INFO] pipeline.enrich_runner: [EnrichPipeline]          keywords=['Warrants', 'price', 'share', 'shares', 'company', 'warrant'] | indexterms=['Warrants', 'price', 'share']
2026-05-15 07:26:00,388 [INFO] pipeline.enrich_runner: [EnrichPipeline] [AFTER]  introduction_to_securities/chapter_1_sample_questions.dita type=concept    shortdesc='_______ capital is/are for perpetuity from the point of view of the co…'
2026-05-15 07:26:00,389 [INFO] pipeline.enrich_runner: [EnrichPipeline]          keywords=['value', 'Equity', 'Risk', 'Chapter', 'Sample', 'Questions'] | indexterms=['value', 'Equity', 'Risk']
2026-05-15 07:26:00,389 [INFO] pipeline.enrich_runner: [EnrichPipeline] [AFTER]  introduction_to_securities/contributors.dita       type=task       shortdesc='Funds brought in by promoters and owners of the business are called eq…'
2026-05-15 07:26:00,389 [INFO] pipeline.enrich_runner: [EnrichPipeline]          keywords=['business', 'capital', 'brought', 'called', 'investors', 'Contributors'] | indexterms=['business', 'capital', 'brought']
2026-05-15 07:26:00,389 [INFO] pipeline.enrich_runner: [EnrichPipeline] [AFTER]  introduction_to_securities/convertible_debentures.dita type=concept    shortdesc='pay interest like any other debt instrument till the date of maturity.…'
2026-05-15 07:26:00,389 [INFO] pipeline.enrich_runner: [EnrichPipeline]          keywords=['Convertible', 'maturity', 'conversion', 'Debentures', 'instrument', 'converted'] | indexterms=['Convertible', 'maturity', 'conversion']
2026-05-15 07:26:00,389 [INFO] pipeline.enrich_runner: [EnrichPipeline] [AFTER]  introduction_to_securities/cost_of_capital.dita    type=concept    shortdesc='The business has to pay a price for using equity or debt capital. The …'
2026-05-15 07:26:00,389 [INFO] pipeline.enrich_runner: [EnrichPipeline]          keywords=['equity', 'capital', 'company', 'Cost', 'Capital', 'business'] | indexterms=['equity', 'capital', 'company']
2026-05-15 07:26:00,389 [INFO] pipeline.enrich_runner: [EnrichPipeline] [AFTER]  introduction_to_securities/features_of_debt_capital_and_benefits_to_debt_investors.dita type=concept    shortdesc='Debt capital refers to the borrowings of a company. The return to an i…'
2026-05-15 07:26:00,389 [INFO] pipeline.enrich_runner: [EnrichPipeline]          keywords=['Debt', 'company', 'interest', 'securities', 'capital', 'secured'] | indexterms=['Debt', 'company', 'interest']
2026-05-15 07:26:00,389 [INFO] pipeline.enrich_runner: [EnrichPipeline] [AFTER]  introduction_to_securities/features_of_equity_capital_and_benefits_to_equity_investors.dita type=concept    shortdesc='Those who contribute equity capital to the company, buy equity shares,…'
2026-05-15 07:26:00,390 [INFO] pipeline.enrich_runner: [EnrichPipeline]          keywords=['Equity', 'equity', 'company', 'Features', 'Capital', 'Benefits'] | indexterms=['Equity', 'equity', 'company']
2026-05-15 07:26:00,390 [INFO] pipeline.enrich_runner: [EnrichPipeline] [AFTER]  introduction_to_securities/hybrid_structures.dita  type=concept    shortdesc='Companies may raise capital in a form that combines the features of bo…'
2026-05-15 07:26:00,390 [INFO] pipeline.enrich_runner: [EnrichPipeline]          keywords=['Hybrid', 'Structures', 'Companies', 'raise', 'capital', 'combines'] | indexterms=['Hybrid', 'Structures', 'Companies']
2026-05-15 07:26:00,390 [INFO] pipeline.enrich_runner: [EnrichPipeline] [AFTER]  introduction_to_securities/introduction_to_equity_and_debt.dita type=concept    shortdesc='A firm that requires money to conduct its operations can fund its requ…'
2026-05-15 07:26:00,390 [INFO] pipeline.enrich_runner: [EnrichPipeline]          keywords=['funds', 'business', 'money', 'equity', 'Introduction', 'Equity'] | indexterms=['funds', 'business', 'money']
2026-05-15 07:26:00,390 [INFO] pipeline.enrich_runner: [EnrichPipeline] [AFTER]  introduction_to_securities/introduction_to_securities.dita type=concept    shortdesc='LEARNING OBJECTIVES:'
2026-05-15 07:26:00,390 [INFO] pipeline.enrich_runner: [EnrichPipeline]          keywords=['Features', 'Introduction', 'Securities', 'Equity', 'Debt', 'Benefits'] | indexterms=['Features', 'Introduction', 'Securities']
2026-05-15 07:26:00,390 [INFO] pipeline.enrich_runner: [EnrichPipeline] [AFTER]  introduction_to_securities/limited_liability.dita  type=concept    shortdesc='Equity capital is issued with limited liability. This means, if the cr…'
2026-05-15 07:26:00,390 [INFO] pipeline.enrich_runner: [EnrichPipeline]          keywords=['equity', 'Limited', 'Liability', 'capital', 'limited', 'liability'] | indexterms=['equity', 'Limited', 'Liability']
2026-05-15 07:26:00,390 [INFO] pipeline.enrich_runner: [EnrichPipeline] [AFTER]  introduction_to_securities/liquidity.dita          type=concept    shortdesc='Equity shares are first issued by a company to the public through a pr…'
2026-05-15 07:26:00,390 [INFO] pipeline.enrich_runner: [EnrichPipeline]          keywords=['company', 'market', 'Liquidity', 'shares', 'called', 'investors'] | indexterms=['company', 'market', 'Liquidity']
2026-05-15 07:26:00,391 [INFO] pipeline.enrich_runner: [EnrichPipeline] [AFTER]  introduction_to_securities/ownership_rights.dita   type=concept    shortdesc='Equity represents ownership of the company. Equity shareholders are ow…'
2026-05-15 07:26:00,391 [INFO] pipeline.enrich_runner: [EnrichPipeline]          keywords=['company', 'Equity', 'shareholders', 'shares', 'equity', 'Ownership'] | indexterms=['company', 'Equity', 'shareholders']
2026-05-15 07:26:00,391 [INFO] pipeline.enrich_runner: [EnrichPipeline] [AFTER]  introduction_to_securities/perpetuity.dita         type=concept    shortdesc='Equity capital is for perpetuity. It cannot be redeemed and the compan…'
2026-05-15 07:26:00,391 [INFO] pipeline.enrich_runner: [EnrichPipeline]          keywords=['company', 'Perpetuity', 'shares', 'Equity', 'capital', 'perpetuity'] | indexterms=['company', 'Perpetuity', 'shares']
2026-05-15 07:26:00,391 [INFO] pipeline.enrich_runner: [EnrichPipeline] [AFTER]  introduction_to_securities/preference_shares.dita  type=concept    shortdesc='resemble debt instruments because they offer pre-determined rate of di…'
2026-05-15 07:26:00,391 [INFO] pipeline.enrich_runner: [EnrichPipeline]          keywords=['Preference', 'Shares', 'shares', 'dividend', 'company', 'resemble'] | indexterms=['Preference', 'Shares', 'shares']
2026-05-15 07:26:00,391 [INFO] pipeline.enrich_runner: [EnrichPipeline] [AFTER]  introduction_to_securities/rights_of_the_contributors.dita type=concept    shortdesc='The contributors of capital enjoy certain rights and obligations depen…'
2026-05-15 07:26:00,391 [INFO] pipeline.enrich_runner: [EnrichPipeline]          keywords=['rights', 'capital', 'Rights', 'Contributors', 'contributors', 'enjoy'] | indexterms=['rights', 'capital', 'Rights']
2026-05-15 07:26:00,391 [INFO] pipeline.enrich_runner: [EnrichPipeline] [AFTER]  introduction_to_securities/time_period.dita        type=concept    shortdesc='The period for which capital is brought in may vary. Equity capital ca…'
2026-05-15 07:26:00,391 [INFO] pipeline.enrich_runner: [EnrichPipeline]          keywords=['period', 'capital', 'Time', 'Period', 'brought', 'which'] | indexterms=['period', 'capital', 'Time']
2026-05-15 07:26:00,392 [INFO] pipeline.enrich_runner: [EnrichPipeline] [AFTER]  introduction_to_securities/uncertain_pay_outs.dita type=concept    shortdesc='Shareholders enjoy return in the form of dividends paid by the company…'
2026-05-15 07:26:00,392 [INFO] pipeline.enrich_runner: [EnrichPipeline]          keywords=['price', 'capital', 'Uncertain', 'dividends', 'appreciation', 'share'] | indexterms=['price', 'capital', 'Uncertain']
2026-05-15 07:26:00,392 [INFO] pipeline.enrich_runner: [EnrichPipeline] [AFTER]  workbook_for_nism_series_ii_b_registrars_to_an_issue_and_share_transfer_agents/about_nism_certifications.dita type=concept    shortdesc='National Institute of Securities Markets (NISM) is a capacity building…'
2026-05-15 07:26:00,392 [INFO] pipeline.enrich_runner: [EnrichPipeline]          keywords=['NISM', 'Securities', 'Certifications', 'securities', 'market', 'markets'] | indexterms=['NISM', 'Securities', 'Certifications']
2026-05-15 07:26:00,392 [INFO] pipeline.enrich_runner: [EnrichPipeline] [AFTER]  workbook_for_nism_series_ii_b_registrars_to_an_issue_and_share_transfer_agents/about_the_certification_examination_for_registrars_to_an_issue_and_share.dita type=task       shortdesc='The examination seeks to create a common minimum knowledge benchmark f…'
2026-05-15 07:26:00,392 [INFO] pipeline.enrich_runner: [EnrichPipeline]          keywords=['Registrars', 'Issue', 'Share', 'Transfer', 'Agents', 'About'] | indexterms=['Registrars', 'Issue', 'Share']
2026-05-15 07:26:00,392 [INFO] pipeline.enrich_runner: [EnrichPipeline] [AFTER]  workbook_for_nism_series_ii_b_registrars_to_an_issue_and_share_transfer_agents/acknowledgement.dita type=concept    shortdesc='This workbook has been developed and reviewed by the Certification tea…'
2026-05-15 07:26:00,392 [INFO] pipeline.enrich_runner: [EnrichPipeline]          keywords=['NISM', 'Acknowledgement', 'Certification', 'ndash', 'Examination', 'workbook'] | indexterms=['NISM', 'Acknowledgement', 'Certification']
2026-05-15 07:26:00,392 [INFO] pipeline.enrich_runner: [EnrichPipeline] [AFTER]  workbook_for_nism_series_ii_b_registrars_to_an_issue_and_share_transfer_agents/assessment_structure.dita type=concept    shortdesc='The examination consists of 100 questions of 1 mark each and should be…'
2026-05-15 07:26:00,392 [INFO] pipeline.enrich_runner: [EnrichPipeline]          keywords=['examination', 'Assessment', 'Structure', 'consists', 'questions', 'should'] | indexterms=['examination', 'Assessment', 'Structure']
2026-05-15 07:26:00,393 [INFO] pipeline.enrich_runner: [EnrichPipeline] [AFTER]  workbook_for_nism_series_ii_b_registrars_to_an_issue_and_share_transfer_agents/disclaimer.dita type=concept    shortdesc='The contents of this publication do not necessarily constitute or impl…'
2026-05-15 07:26:00,393 [INFO] pipeline.enrich_runner: [EnrichPipeline]          keywords=['publication', 'NISM', 'information', 'material', 'SEBI', 'herein'] | indexterms=['publication', 'NISM', 'information']
2026-05-15 07:26:00,393 [INFO] pipeline.enrich_runner: [EnrichPipeline] [AFTER]  workbook_for_nism_series_ii_b_registrars_to_an_issue_and_share_transfer_agents/examination_objectives.dita type=topic      shortdesc='On successful completion of the examination the candidate should:'
2026-05-15 07:26:00,393 [INFO] pipeline.enrich_runner: [EnrichPipeline]          keywords=['Examination', 'Objectives', 'Know', 'securities', 'RTAs', 'successful'] | indexterms=['Examination', 'Objectives', 'Know']
2026-05-15 07:26:00,393 [INFO] pipeline.enrich_runner: [EnrichPipeline] [AFTER]  workbook_for_nism_series_ii_b_registrars_to_an_issue_and_share_transfer_agents/foreword.dita type=concept    shortdesc='NISM is a leading provider of high-end professional education, certifi…'
2026-05-15 07:26:00,393 [INFO] pipeline.enrich_runner: [EnrichPipeline]          keywords=['NISM', 'securities', 'markets', 'certification', 'programs', 'professional'] | indexterms=['NISM', 'securities', 'markets']
2026-05-15 07:26:00,393 [INFO] pipeline.enrich_runner: [EnrichPipeline] [AFTER]  workbook_for_nism_series_ii_b_registrars_to_an_issue_and_share_transfer_agents/how_to_register_and_take_the_examination.dita type=task       shortdesc='To find out more and register for the examination please visit www.nis…'
2026-05-15 07:26:00,393 [INFO] pipeline.enrich_runner: [EnrichPipeline]          keywords=['register', 'examination', 'please', 'visit'] | indexterms=['register', 'examination', 'please']
2026-05-15 07:26:00,393 [INFO] pipeline.enrich_runner: [EnrichPipeline] [AFTER]  workbook_for_nism_series_ii_b_registrars_to_an_issue_and_share_transfer_agents/important.dita type=concept    shortdesc='Please note that the Test Centre workstations are equipped with either…'
2026-05-15 07:26:00,393 [INFO] pipeline.enrich_runner: [EnrichPipeline]          keywords=['Important', 'Please', 'Test', 'Centre', 'workstations', 'equipped'] | indexterms=['Important', 'Please', 'Test']
2026-05-15 07:26:00,393 [INFO] pipeline.enrich_runner: [EnrichPipeline] [AFTER]  workbook_for_nism_series_ii_b_registrars_to_an_issue_and_share_transfer_agents/nism_series_ii_b_registrars_to_an_issue_and_share_transfer_agents_mutual_fund.dita type=concept    shortdesc='Syllabus Outline and Weightages'
2026-05-15 07:26:00,393 [INFO] pipeline.enrich_runner: [EnrichPipeline]          keywords=['Unit', 'Mutual', 'Funds', 'Registrars', 'Transfer', 'Agents'] | indexterms=['Unit', 'Mutual', 'Funds']
2026-05-15 07:26:00,393 [INFO] pipeline.enrich_runner: [EnrichPipeline] [AFTER]  workbook_for_nism_series_ii_b_registrars_to_an_issue_and_share_transfer_agents/workbook_for_nism_series_ii_b_registrars_to_an_issue_and_share_transfer_agents.dita type=concept    shortdesc='National Institute of Securities Market'
2026-05-15 07:26:00,394 [INFO] pipeline.enrich_runner: [EnrichPipeline]          keywords=['NISM', 'National', 'Institute', 'Securities', 'Workbook', 'Registrars'] | indexterms=['NISM', 'National', 'Institute']
2026-05-15 07:26:00,394 [INFO] pipeline.enrich_runner: [EnrichPipeline] ── Layer 4: Quality Review ──
2026-05-15 07:26:00,396 [INFO] layers.layer4_quality_autofix: L4 › characteristics_of_debt_securities/amortising_bonds.dita at /app/output/f2ced2d0-20eb-4012-8b06-ccca5d54e78d/characteristics_of_debt_securities/amortising_bonds.dita
2026-05-15 07:26:00,396 [INFO] layers.layer4_quality_autofix: L4 › characteristics_of_debt_securities/asset_backed_securities.dita at /app/output/f2ced2d0-20eb-4012-8b06-ccca5d54e78d/characteristics_of_debt_securities/asset_backed_securities.dita
2026-05-15 07:26:00,396 [INFO] layers.layer4_quality_autofix: L4 › characteristics_of_debt_securities/chapter_3_sample_questions.dita at /app/output/f2ced2d0-20eb-4012-8b06-ccca5d54e78d/characteristics_of_debt_securities/chapter_3_sample_questions.dita
2026-05-15 07:26:00,396 [INFO] layers.layer4_quality_autofix: L4 › characteristics_of_debt_securities/characteristics_of_debt_securities.dita at /app/output/f2ced2d0-20eb-4012-8b06-ccca5d54e78d/characteristics_of_debt_securities/characteristics_of_debt_securities.dita
2026-05-15 07:26:00,397 [INFO] layers.layer4_quality_autofix: L4 › characteristics_of_debt_securities/classification_of_debt_market.dita at /app/output/f2ced2d0-20eb-4012-8b06-ccca5d54e78d/characteristics_of_debt_securities/classification_of_debt_market.dita
2026-05-15 07:26:00,397 [INFO] layers.layer4_quality_autofix: L4 › characteristics_of_debt_securities/convertible_debt_securities.dita at /app/output/f2ced2d0-20eb-4012-8b06-ccca5d54e78d/characteristics_of_debt_securities/convertible_debt_securities.dita
2026-05-15 07:26:00,397 [INFO] layers.layer4_quality_autofix: L4 › characteristics_of_debt_securities/credit_rating.dita at /app/output/f2ced2d0-20eb-4012-8b06-ccca5d54e78d/characteristics_of_debt_securities/credit_rating.dita
2026-05-15 07:26:00,397 [INFO] layers.layer4_quality_autofix: L4 › characteristics_of_debt_securities/current_yield.dita at /app/output/f2ced2d0-20eb-4012-8b06-ccca5d54e78d/characteristics_of_debt_securities/current_yield.dita
2026-05-15 07:26:00,397 [INFO] layers.layer4_quality_autofix: L4 › characteristics_of_debt_securities/features_of_a_debt_security.dita at /app/output/f2ced2d0-20eb-4012-8b06-ccca5d54e78d/characteristics_of_debt_securities/features_of_a_debt_security.dita
2026-05-15 07:26:00,397 [INFO] layers.layer4_quality_autofix: L4 › characteristics_of_debt_securities/fixed_rate_bonds.dita at /app/output/f2ced2d0-20eb-4012-8b06-ccca5d54e78d/characteristics_of_debt_securities/fixed_rate_bonds.dita
2026-05-15 07:26:00,398 [INFO] layers.layer4_quality_autofix: L4 › characteristics_of_debt_securities/floating_rate_bonds.dita at /app/output/f2ced2d0-20eb-4012-8b06-ccca5d54e78d/characteristics_of_debt_securities/floating_rate_bonds.dita
2026-05-15 07:26:00,398 [INFO] layers.layer4_quality_autofix: L4 › characteristics_of_debt_securities/inflation_indexed_bonds.dita at /app/output/f2ced2d0-20eb-4012-8b06-ccca5d54e78d/characteristics_of_debt_securities/inflation_indexed_bonds.dita
2026-05-15 07:26:00,398 [INFO] layers.layer4_quality_autofix: L4 › characteristics_of_debt_securities/market_value_of_a_debt_security.dita at /app/output/f2ced2d0-20eb-4012-8b06-ccca5d54e78d/characteristics_of_debt_securities/market_value_of_a_debt_security.dita
2026-05-15 07:26:00,398 [INFO] layers.layer4_quality_autofix: L4 › characteristics_of_debt_securities/money_market_instruments.dita at /app/output/f2ced2d0-20eb-4012-8b06-ccca5d54e78d/characteristics_of_debt_securities/money_market_instruments.dita
2026-05-15 07:26:00,398 [INFO] layers.layer4_quality_autofix: L4 › characteristics_of_debt_securities/other_types_of_bonds.dita at /app/output/f2ced2d0-20eb-4012-8b06-ccca5d54e78d/characteristics_of_debt_securities/other_types_of_bonds.dita
2026-05-15 07:26:00,398 [INFO] layers.layer4_quality_autofix: L4 › characteristics_of_debt_securities/types_of_debt_securities.dita at /app/output/f2ced2d0-20eb-4012-8b06-ccca5d54e78d/characteristics_of_debt_securities/types_of_debt_securities.dita
2026-05-15 07:26:00,399 [INFO] layers.layer4_quality_autofix: L4 › characteristics_of_debt_securities/unrated_bonds.dita at /app/output/f2ced2d0-20eb-4012-8b06-ccca5d54e78d/characteristics_of_debt_securities/unrated_bonds.dita
2026-05-15 07:26:00,399 [INFO] layers.layer4_quality_autofix: L4 › characteristics_of_debt_securities/yield_from_debt_instruments.dita at /app/output/f2ced2d0-20eb-4012-8b06-ccca5d54e78d/characteristics_of_debt_securities/yield_from_debt_instruments.dita
2026-05-15 07:26:00,399 [INFO] layers.layer4_quality_autofix: L4 › characteristics_of_debt_securities/yield_to_maturity_ytm.dita at /app/output/f2ced2d0-20eb-4012-8b06-ccca5d54e78d/characteristics_of_debt_securities/yield_to_maturity_ytm.dita
2026-05-15 07:26:00,399 [INFO] layers.layer4_quality_autofix: L4 › characteristics_of_debt_securities/zero_coupon_bond.dita at /app/output/f2ced2d0-20eb-4012-8b06-ccca5d54e78d/characteristics_of_debt_securities/zero_coupon_bond.dita
2026-05-15 07:26:00,399 [INFO] layers.layer4_quality_autofix: L4 › characteristics_of_equity_shares/authorised_capital.dita at /app/output/f2ced2d0-20eb-4012-8b06-ccca5d54e78d/characteristics_of_equity_shares/authorised_capital.dita
2026-05-15 07:26:00,399 [INFO] layers.layer4_quality_autofix: L4 › characteristics_of_equity_shares/bonus_issue.dita at /app/output/f2ced2d0-20eb-4012-8b06-ccca5d54e78d/characteristics_of_equity_shares/bonus_issue.dita
2026-05-15 07:26:00,400 [INFO] layers.layer4_quality_autofix: L4 › characteristics_of_equity_shares/buyback_of_shares.dita at /app/output/f2ced2d0-20eb-4012-8b06-ccca5d54e78d/characteristics_of_equity_shares/buyback_of_shares.dita
2026-05-15 07:26:00,400 [INFO] layers.layer4_quality_autofix: L4 › characteristics_of_equity_shares/chapter_2_sample_questions.dita at /app/output/f2ced2d0-20eb-4012-8b06-ccca5d54e78d/characteristics_of_equity_shares/chapter_2_sample_questions.dita
2026-05-15 07:26:00,400 [INFO] layers.layer4_quality_autofix: L4 › characteristics_of_equity_shares/characteristics_of_equity_shares.dita at /app/output/f2ced2d0-20eb-4012-8b06-ccca5d54e78d/characteristics_of_equity_shares/characteristics_of_equity_shares.dita
2026-05-15 07:26:00,400 [INFO] layers.layer4_quality_autofix: L4 › characteristics_of_equity_shares/corporate_actions.dita at /app/output/f2ced2d0-20eb-4012-8b06-ccca5d54e78d/characteristics_of_equity_shares/corporate_actions.dita
2026-05-15 07:26:00,400 [INFO] layers.layer4_quality_autofix: L4 › characteristics_of_equity_shares/dividend.dita at /app/output/f2ced2d0-20eb-4012-8b06-ccca5d54e78d/characteristics_of_equity_shares/dividend.dita
2026-05-15 07:26:00,400 [INFO] layers.layer4_quality_autofix: L4 › characteristics_of_equity_shares/equity_terminology.dita at /app/output/f2ced2d0-20eb-4012-8b06-ccca5d54e78d/characteristics_of_equity_shares/equity_terminology.dita
2026-05-15 07:26:00,401 [INFO] layers.layer4_quality_autofix: L4 › characteristics_of_equity_shares/face_value.dita at /app/output/f2ced2d0-20eb-4012-8b06-ccca5d54e78d/characteristics_of_equity_shares/face_value.dita
2026-05-15 07:26:00,401 [INFO] layers.layer4_quality_autofix: L4 › characteristics_of_equity_shares/fully_paid_up_shares.dita at /app/output/f2ced2d0-20eb-4012-8b06-ccca5d54e78d/characteristics_of_equity_shares/fully_paid_up_shares.dita
2026-05-15 07:26:00,401 [INFO] layers.layer4_quality_autofix: L4 › characteristics_of_equity_shares/institutional_investors.dita at /app/output/f2ced2d0-20eb-4012-8b06-ccca5d54e78d/characteristics_of_equity_shares/institutional_investors.dita
2026-05-15 07:26:00,401 [INFO] layers.layer4_quality_autofix: L4 › characteristics_of_equity_shares/investors_in_equity_shares.dita at /app/output/f2ced2d0-20eb-4012-8b06-ccca5d54e78d/characteristics_of_equity_shares/investors_in_equity_shares.dita
2026-05-15 07:26:00,401 [INFO] layers.layer4_quality_autofix: L4 › characteristics_of_equity_shares/issued_capital.dita at /app/output/f2ced2d0-20eb-4012-8b06-ccca5d54e78d/characteristics_of_equity_shares/issued_capital.dita
2026-05-15 07:26:00,402 [INFO] layers.layer4_quality_autofix: L4 › characteristics_of_equity_shares/liquidity_risk.dita at /app/output/f2ced2d0-20eb-4012-8b06-ccca5d54e78d/characteristics_of_equity_shares/liquidity_risk.dita
2026-05-15 07:26:00,402 [INFO] layers.layer4_quality_autofix: L4 › characteristics_of_equity_shares/no_collateral_security.dita at /app/output/f2ced2d0-20eb-4012-8b06-ccca5d54e78d/characteristics_of_equity_shares/no_collateral_security.dita
2026-05-15 07:26:00,402 [INFO] layers.layer4_quality_autofix: L4 › characteristics_of_equity_shares/no_fixed_return.dita at /app/output/f2ced2d0-20eb-4012-8b06-ccca5d54e78d/characteristics_of_equity_shares/no_fixed_return.dita
2026-05-15 07:26:00,402 [INFO] layers.layer4_quality_autofix: L4 › characteristics_of_equity_shares/no_fixed_tenor.dita at /app/output/f2ced2d0-20eb-4012-8b06-ccca5d54e78d/characteristics_of_equity_shares/no_fixed_tenor.dita
2026-05-15 07:26:00,402 [INFO] layers.layer4_quality_autofix: L4 › characteristics_of_equity_shares/other_rights.dita at /app/output/f2ced2d0-20eb-4012-8b06-ccca5d54e78d/characteristics_of_equity_shares/other_rights.dita
2026-05-15 07:26:00,402 [INFO] layers.layer4_quality_autofix: L4 › characteristics_of_equity_shares/outstanding_shares.dita at /app/output/f2ced2d0-20eb-4012-8b06-ccca5d54e78d/characteristics_of_equity_shares/outstanding_shares.dita
2026-05-15 07:26:00,403 [INFO] layers.layer4_quality_autofix: L4 › characteristics_of_equity_shares/ownership_rights_2.dita at /app/output/f2ced2d0-20eb-4012-8b06-ccca5d54e78d/characteristics_of_equity_shares/ownership_rights_2.dita
2026-05-15 07:26:00,403 [INFO] layers.layer4_quality_autofix: L4 › characteristics_of_equity_shares/ownership_transfer_rights.dita at /app/output/f2ced2d0-20eb-4012-8b06-ccca5d54e78d/characteristics_of_equity_shares/ownership_transfer_rights.dita
2026-05-15 07:26:00,403 [INFO] layers.layer4_quality_autofix: L4 › characteristics_of_equity_shares/paid_up_capital.dita at /app/output/f2ced2d0-20eb-4012-8b06-ccca5d54e78d/characteristics_of_equity_shares/paid_up_capital.dita
2026-05-15 07:26:00,403 [INFO] layers.layer4_quality_autofix: L4 › characteristics_of_equity_shares/partly_paid_up_shares.dita at /app/output/f2ced2d0-20eb-4012-8b06-ccca5d54e78d/characteristics_of_equity_shares/partly_paid_up_shares.dita
2026-05-15 07:26:00,403 [INFO] layers.layer4_quality_autofix: L4 › characteristics_of_equity_shares/preference_shares_2.dita at /app/output/f2ced2d0-20eb-4012-8b06-ccca5d54e78d/characteristics_of_equity_shares/preference_shares_2.dita
2026-05-15 07:26:00,403 [INFO] layers.layer4_quality_autofix: L4 › characteristics_of_equity_shares/preferential_issue.dita at /app/output/f2ced2d0-20eb-4012-8b06-ccca5d54e78d/characteristics_of_equity_shares/preferential_issue.dita
2026-05-15 07:26:00,404 [INFO] layers.layer4_quality_autofix: L4 › characteristics_of_equity_shares/promoters.dita at /app/output/f2ced2d0-20eb-4012-8b06-ccca5d54e78d/characteristics_of_equity_shares/promoters.dita
2026-05-15 07:26:00,404 [INFO] layers.layer4_quality_autofix: L4 › characteristics_of_equity_shares/public_investors.dita at /app/output/f2ced2d0-20eb-4012-8b06-ccca5d54e78d/characteristics_of_equity_shares/public_investors.dita
2026-05-15 07:26:00,404 [INFO] layers.layer4_quality_autofix: L4 › characteristics_of_equity_shares/right_to_dividend.dita at /app/output/f2ced2d0-20eb-4012-8b06-ccca5d54e78d/characteristics_of_equity_shares/right_to_dividend.dita
2026-05-15 07:26:00,404 [INFO] layers.layer4_quality_autofix: L4 › characteristics_of_equity_shares/rights_issue_of_shares.dita at /app/output/f2ced2d0-20eb-4012-8b06-ccca5d54e78d/characteristics_of_equity_shares/rights_issue_of_shares.dita
2026-05-15 07:26:00,404 [INFO] layers.layer4_quality_autofix: L4 › characteristics_of_equity_shares/rights_of_a_shareholder.dita at /app/output/f2ced2d0-20eb-4012-8b06-ccca5d54e78d/characteristics_of_equity_shares/rights_of_a_shareholder.dita
2026-05-15 07:26:00,404 [INFO] layers.layer4_quality_autofix: L4 › characteristics_of_equity_shares/risks_in_equity_investing.dita at /app/output/f2ced2d0-20eb-4012-8b06-ccca5d54e78d/characteristics_of_equity_shares/risks_in_equity_investing.dita
2026-05-15 07:26:00,405 [INFO] layers.layer4_quality_autofix: L4 › characteristics_of_equity_shares/share_premium.dita at /app/output/f2ced2d0-20eb-4012-8b06-ccca5d54e78d/characteristics_of_equity_shares/share_premium.dita
2026-05-15 07:26:00,405 [INFO] layers.layer4_quality_autofix: L4 › characteristics_of_equity_shares/stock_split_and_consolidation.dita at /app/output/f2ced2d0-20eb-4012-8b06-ccca5d54e78d/characteristics_of_equity_shares/stock_split_and_consolidation.dita
2026-05-15 07:26:00,405 [INFO] layers.layer4_quality_autofix: L4 › characteristics_of_other_securities/chapter_4_sample_questions.dita at /app/output/f2ced2d0-20eb-4012-8b06-ccca5d54e78d/characteristics_of_other_securities/chapter_4_sample_questions.dita
2026-05-15 07:26:00,405 [INFO] layers.layer4_quality_autofix: L4 › characteristics_of_other_securities/characteristics_of_other_securities.dita at /app/output/f2ced2d0-20eb-4012-8b06-ccca5d54e78d/characteristics_of_other_securities/characteristics_of_other_securities.dita
2026-05-15 07:26:00,405 [INFO] layers.layer4_quality_autofix: L4 › characteristics_of_other_securities/convertible_debentures_2.dita at /app/output/f2ced2d0-20eb-4012-8b06-ccca5d54e78d/characteristics_of_other_securities/convertible_debentures_2.dita
2026-05-15 07:26:00,406 [INFO] layers.layer4_quality_autofix: L4 › characteristics_of_other_securities/depository_receipts.dita at /app/output/f2ced2d0-20eb-4012-8b06-ccca5d54e78d/characteristics_of_other_securities/depository_receipts.dita
2026-05-15 07:26:00,406 [INFO] layers.layer4_quality_autofix: L4 › characteristics_of_other_securities/exchange_traded_funds_and_index_funds.dita at /app/output/f2ced2d0-20eb-4012-8b06-ccca5d54e78d/characteristics_of_other_securities/exchange_traded_funds_and_index_funds.dita
2026-05-15 07:26:00,406 [INFO] layers.layer4_quality_autofix: L4 › characteristics_of_other_securities/foreign_currency_convertible_bonds.dita at /app/output/f2ced2d0-20eb-4012-8b06-ccca5d54e78d/characteristics_of_other_securities/foreign_currency_convertible_bonds.dita
2026-05-15 07:26:00,406 [INFO] layers.layer4_quality_autofix: L4 › characteristics_of_other_securities/infrastructure_investment_trusts_invits.dita at /app/output/f2ced2d0-20eb-4012-8b06-ccca5d54e78d/characteristics_of_other_securities/infrastructure_investment_trusts_invits.dita
2026-05-15 07:26:00,406 [INFO] layers.layer4_quality_autofix: L4 › characteristics_of_other_securities/investment_trusts.dita at /app/output/f2ced2d0-20eb-4012-8b06-ccca5d54e78d/characteristics_of_other_securities/investment_trusts.dita
2026-05-15 07:26:00,406 [INFO] layers.layer4_quality_autofix: L4 › characteristics_of_other_securities/real_estate_investment_trusts_reits.dita at /app/output/f2ced2d0-20eb-4012-8b06-ccca5d54e78d/characteristics_of_other_securities/real_estate_investment_trusts_reits.dita
2026-05-15 07:26:00,407 [INFO] layers.layer4_quality_autofix: L4 › characteristics_of_other_securities/warrants.dita at /app/output/f2ced2d0-20eb-4012-8b06-ccca5d54e78d/characteristics_of_other_securities/warrants.dita
2026-05-15 07:26:00,407 [INFO] layers.layer4_quality_autofix: L4 › introduction_to_securities/chapter_1_sample_questions.dita at /app/output/f2ced2d0-20eb-4012-8b06-ccca5d54e78d/introduction_to_securities/chapter_1_sample_questions.dita
2026-05-15 07:26:00,407 [INFO] layers.layer4_quality_autofix: L4 › introduction_to_securities/contributors.dita at /app/output/f2ced2d0-20eb-4012-8b06-ccca5d54e78d/introduction_to_securities/contributors.dita
2026-05-15 07:26:00,407 [INFO] layers.layer4_quality_autofix: L4 › introduction_to_securities/convertible_debentures.dita at /app/output/f2ced2d0-20eb-4012-8b06-ccca5d54e78d/introduction_to_securities/convertible_debentures.dita
2026-05-15 07:26:00,407 [INFO] layers.layer4_quality_autofix: L4 › introduction_to_securities/cost_of_capital.dita at /app/output/f2ced2d0-20eb-4012-8b06-ccca5d54e78d/introduction_to_securities/cost_of_capital.dita
2026-05-15 07:26:00,407 [INFO] layers.layer4_quality_autofix: L4 › introduction_to_securities/features_of_debt_capital_and_benefits_to_debt_investors.dita at /app/output/f2ced2d0-20eb-4012-8b06-ccca5d54e78d/introduction_to_securities/features_of_debt_capital_and_benefits_to_debt_investors.dita
2026-05-15 07:26:00,408 [INFO] layers.layer4_quality_autofix: L4 › introduction_to_securities/features_of_equity_capital_and_benefits_to_equity_investors.dita at /app/output/f2ced2d0-20eb-4012-8b06-ccca5d54e78d/introduction_to_securities/features_of_equity_capital_and_benefits_to_equity_investors.dita
2026-05-15 07:26:00,408 [INFO] layers.layer4_quality_autofix: L4 › introduction_to_securities/hybrid_structures.dita at /app/output/f2ced2d0-20eb-4012-8b06-ccca5d54e78d/introduction_to_securities/hybrid_structures.dita
2026-05-15 07:26:00,408 [INFO] layers.layer4_quality_autofix: L4 › introduction_to_securities/introduction_to_equity_and_debt.dita at /app/output/f2ced2d0-20eb-4012-8b06-ccca5d54e78d/introduction_to_securities/introduction_to_equity_and_debt.dita
2026-05-15 07:26:00,408 [INFO] layers.layer4_quality_autofix: L4 › introduction_to_securities/introduction_to_securities.dita at /app/output/f2ced2d0-20eb-4012-8b06-ccca5d54e78d/introduction_to_securities/introduction_to_securities.dita
2026-05-15 07:26:00,408 [INFO] layers.layer4_quality_autofix: L4 › introduction_to_securities/limited_liability.dita at /app/output/f2ced2d0-20eb-4012-8b06-ccca5d54e78d/introduction_to_securities/limited_liability.dita
2026-05-15 07:26:00,408 [INFO] layers.layer4_quality_autofix: L4 › introduction_to_securities/liquidity.dita at /app/output/f2ced2d0-20eb-4012-8b06-ccca5d54e78d/introduction_to_securities/liquidity.dita
2026-05-15 07:26:00,409 [INFO] layers.layer4_quality_autofix: L4 › introduction_to_securities/ownership_rights.dita at /app/output/f2ced2d0-20eb-4012-8b06-ccca5d54e78d/introduction_to_securities/ownership_rights.dita
2026-05-15 07:26:00,409 [INFO] layers.layer4_quality_autofix: L4 › introduction_to_securities/perpetuity.dita at /app/output/f2ced2d0-20eb-4012-8b06-ccca5d54e78d/introduction_to_securities/perpetuity.dita
2026-05-15 07:26:00,409 [INFO] layers.layer4_quality_autofix: L4 › introduction_to_securities/preference_shares.dita at /app/output/f2ced2d0-20eb-4012-8b06-ccca5d54e78d/introduction_to_securities/preference_shares.dita
2026-05-15 07:26:00,409 [INFO] layers.layer4_quality_autofix: L4 › introduction_to_securities/rights_of_the_contributors.dita at /app/output/f2ced2d0-20eb-4012-8b06-ccca5d54e78d/introduction_to_securities/rights_of_the_contributors.dita
2026-05-15 07:26:00,409 [INFO] layers.layer4_quality_autofix: L4 › introduction_to_securities/time_period.dita at /app/output/f2ced2d0-20eb-4012-8b06-ccca5d54e78d/introduction_to_securities/time_period.dita
2026-05-15 07:26:00,410 [INFO] layers.layer4_quality_autofix: L4 › introduction_to_securities/uncertain_pay_outs.dita at /app/output/f2ced2d0-20eb-4012-8b06-ccca5d54e78d/introduction_to_securities/uncertain_pay_outs.dita
2026-05-15 07:26:00,410 [INFO] layers.layer4_quality_autofix: L4 › workbook_for_nism_series_ii_b_registrars_to_an_issue_and_share_transfer_agents/about_nism_certifications.dita at /app/output/f2ced2d0-20eb-4012-8b06-ccca5d54e78d/workbook_for_nism_series_ii_b_registrars_to_an_issue_and_share_transfer_agents/about_nism_certifications.dita
2026-05-15 07:26:00,410 [INFO] layers.layer4_quality_autofix: L4 › workbook_for_nism_series_ii_b_registrars_to_an_issue_and_share_transfer_agents/about_the_certification_examination_for_registrars_to_an_issue_and_share.dita at /app/output/f2ced2d0-20eb-4012-8b06-ccca5d54e78d/workbook_for_nism_series_ii_b_registrars_to_an_issue_and_share_transfer_agents/about_the_certification_examination_for_registrars_to_an_issue_and_share.dita
2026-05-15 07:26:00,410 [INFO] layers.layer4_quality_autofix: L4 › workbook_for_nism_series_ii_b_registrars_to_an_issue_and_share_transfer_agents/acknowledgement.dita at /app/output/f2ced2d0-20eb-4012-8b06-ccca5d54e78d/workbook_for_nism_series_ii_b_registrars_to_an_issue_and_share_transfer_agents/acknowledgement.dita
2026-05-15 07:26:00,410 [INFO] layers.layer4_quality_autofix: L4 › workbook_for_nism_series_ii_b_registrars_to_an_issue_and_share_transfer_agents/assessment_structure.dita at /app/output/f2ced2d0-20eb-4012-8b06-ccca5d54e78d/workbook_for_nism_series_ii_b_registrars_to_an_issue_and_share_transfer_agents/assessment_structure.dita
2026-05-15 07:26:00,410 [INFO] layers.layer4_quality_autofix: L4 › workbook_for_nism_series_ii_b_registrars_to_an_issue_and_share_transfer_agents/disclaimer.dita at /app/output/f2ced2d0-20eb-4012-8b06-ccca5d54e78d/workbook_for_nism_series_ii_b_registrars_to_an_issue_and_share_transfer_agents/disclaimer.dita
2026-05-15 07:26:00,411 [INFO] layers.layer4_quality_autofix: L4 › workbook_for_nism_series_ii_b_registrars_to_an_issue_and_share_transfer_agents/examination_objectives.dita at /app/output/f2ced2d0-20eb-4012-8b06-ccca5d54e78d/workbook_for_nism_series_ii_b_registrars_to_an_issue_and_share_transfer_agents/examination_objectives.dita
2026-05-15 07:26:00,411 [INFO] layers.layer4_quality_autofix: L4 › workbook_for_nism_series_ii_b_registrars_to_an_issue_and_share_transfer_agents/foreword.dita at /app/output/f2ced2d0-20eb-4012-8b06-ccca5d54e78d/workbook_for_nism_series_ii_b_registrars_to_an_issue_and_share_transfer_agents/foreword.dita
2026-05-15 07:26:00,411 [INFO] layers.layer4_quality_autofix: L4 › workbook_for_nism_series_ii_b_registrars_to_an_issue_and_share_transfer_agents/how_to_register_and_take_the_examination.dita at /app/output/f2ced2d0-20eb-4012-8b06-ccca5d54e78d/workbook_for_nism_series_ii_b_registrars_to_an_issue_and_share_transfer_agents/how_to_register_and_take_the_examination.dita
2026-05-15 07:26:00,411 [INFO] layers.layer4_quality_autofix: L4 › workbook_for_nism_series_ii_b_registrars_to_an_issue_and_share_transfer_agents/important.dita at /app/output/f2ced2d0-20eb-4012-8b06-ccca5d54e78d/workbook_for_nism_series_ii_b_registrars_to_an_issue_and_share_transfer_agents/important.dita
2026-05-15 07:26:00,411 [INFO] layers.layer4_quality_autofix: L4 › workbook_for_nism_series_ii_b_registrars_to_an_issue_and_share_transfer_agents/nism_series_ii_b_registrars_to_an_issue_and_share_transfer_agents_mutual_fund.dita at /app/output/f2ced2d0-20eb-4012-8b06-ccca5d54e78d/workbook_for_nism_series_ii_b_registrars_to_an_issue_and_share_transfer_agents/nism_series_ii_b_registrars_to_an_issue_and_share_transfer_agents_mutual_fund.dita
2026-05-15 07:26:00,412 [INFO] layers.layer4_quality_autofix: L4 › workbook_for_nism_series_ii_b_registrars_to_an_issue_and_share_transfer_agents/workbook_for_nism_series_ii_b_registrars_to_an_issue_and_share_transfer_agents.dita at /app/output/f2ced2d0-20eb-4012-8b06-ccca5d54e78d/workbook_for_nism_series_ii_b_registrars_to_an_issue_and_share_transfer_agents/workbook_for_nism_series_ii_b_registrars_to_an_issue_and_share_transfer_agents.dita
2026-05-15 07:26:00,412 [INFO] layers.layer4_quality_autofix: L4 › review 91/91 topics (0 skipped)
2026-05-15 07:26:00,786 [INFO] httpx: HTTP Request: POST https://api.anthropic.com/v1/messages "HTTP/1.1 401 Unauthorized"
2026-05-15 07:26:00,787 [WARNING] layers.layer4_quality_autofix: L4 ✗ review: Error code: 401 - {'type': 'error', 'error': {'type': 'authentication_error', 'message': 'invalid x-api-key'}, 'request_id': 'req_011Cb3xTUveYx2QjXu3Fcrja'}
2026-05-15 07:26:00,787 [INFO] pipeline.enrich_runner: [EnrichPipeline] Layer 4 review — quality=fair, accuracy=0%
2026-05-15 07:26:00,787 [INFO] pipeline.enrich_runner: [EnrichPipeline] ── Layer 4: Autofix ──
2026-05-15 07:26:00,788 [INFO] layers.layer4_quality_autofix: L4 › autofix: 0 broken
2026-05-15 07:26:00,790 [INFO] pipeline.enrich_runner: [EnrichPipeline] Layer 4 autofix — fixed=0, flagged=0, failed=0
2026-05-15 07:26:00,790 [INFO] pipeline.enrich_runner: [EnrichPipeline] ── Layer 5: Final Validation ──
2026-05-15 07:26:00,790 [INFO] layers.layer5_final_validation: L5 ── structural validation start
2026-05-15 07:26:00,791 [INFO] layers.layer5_final_validation: L5 ⚠ characteristics_of_debt_securities/amortising_bonds.dita — 1 issue(s)
2026-05-15 07:26:00,792 [INFO] layers.layer5_final_validation: L5 ⚠ characteristics_of_debt_securities/asset_backed_securities.dita — 1 issue(s)
2026-05-15 07:26:00,793 [INFO] layers.layer5_final_validation: L5 ⚠ characteristics_of_debt_securities/chapter_3_sample_questions.dita — 1 issue(s)
2026-05-15 07:26:00,794 [INFO] layers.layer5_final_validation: L5 ⚠ characteristics_of_debt_securities/characteristics_of_debt_securities.dita — 1 issue(s)
2026-05-15 07:26:00,795 [INFO] layers.layer5_final_validation: L5 ⚠ characteristics_of_debt_securities/classification_of_debt_market.dita — 1 issue(s)
2026-05-15 07:26:00,796 [INFO] layers.layer5_final_validation: L5 ⚠ characteristics_of_debt_securities/convertible_debt_securities.dita — 1 issue(s)
2026-05-15 07:26:00,797 [INFO] layers.layer5_final_validation: L5 ⚠ characteristics_of_debt_securities/credit_rating.dita — 1 issue(s)
2026-05-15 07:26:00,798 [INFO] layers.layer5_final_validation: L5 ⚠ characteristics_of_debt_securities/current_yield.dita — 1 issue(s)
2026-05-15 07:26:00,799 [INFO] layers.layer5_final_validation: L5 ⚠ characteristics_of_debt_securities/features_of_a_debt_security.dita — 1 issue(s)
2026-05-15 07:26:00,800 [INFO] layers.layer5_final_validation: L5 ⚠ characteristics_of_debt_securities/fixed_rate_bonds.dita — 1 issue(s)
2026-05-15 07:26:00,801 [INFO] layers.layer5_final_validation: L5 ⚠ characteristics_of_debt_securities/floating_rate_bonds.dita — 1 issue(s)
2026-05-15 07:26:00,802 [INFO] layers.layer5_final_validation: L5 ⚠ characteristics_of_debt_securities/inflation_indexed_bonds.dita — 1 issue(s)
2026-05-15 07:26:00,803 [INFO] layers.layer5_final_validation: L5 ⚠ characteristics_of_debt_securities/market_value_of_a_debt_security.dita — 1 issue(s)
2026-05-15 07:26:00,803 [INFO] layers.layer5_final_validation: L5 ⚠ characteristics_of_debt_securities/money_market_instruments.dita — 1 issue(s)
2026-05-15 07:26:00,804 [INFO] layers.layer5_final_validation: L5 ⚠ characteristics_of_debt_securities/other_types_of_bonds.dita — 1 issue(s)
2026-05-15 07:26:00,805 [INFO] layers.layer5_final_validation: L5 ⚠ characteristics_of_debt_securities/types_of_debt_securities.dita — 2 issue(s)
2026-05-15 07:26:00,806 [INFO] layers.layer5_final_validation: L5 ⚠ characteristics_of_debt_securities/unrated_bonds.dita — 1 issue(s)
2026-05-15 07:26:00,807 [INFO] layers.layer5_final_validation: L5 ⚠ characteristics_of_debt_securities/yield_from_debt_instruments.dita — 1 issue(s)
2026-05-15 07:26:00,808 [INFO] layers.layer5_final_validation: L5 ⚠ characteristics_of_debt_securities/yield_to_maturity_ytm.dita — 1 issue(s)
2026-05-15 07:26:00,808 [INFO] layers.layer5_final_validation: L5 ⚠ characteristics_of_debt_securities/zero_coupon_bond.dita — 1 issue(s)
2026-05-15 07:26:00,809 [INFO] layers.layer5_final_validation: L5 ⚠ characteristics_of_equity_shares/authorised_capital.dita — 1 issue(s)
2026-05-15 07:26:00,810 [INFO] layers.layer5_final_validation: L5 ⚠ characteristics_of_equity_shares/bonus_issue.dita — 1 issue(s)
2026-05-15 07:26:00,811 [INFO] layers.layer5_final_validation: L5 ⚠ characteristics_of_equity_shares/buyback_of_shares.dita — 1 issue(s)
2026-05-15 07:26:00,812 [INFO] layers.layer5_final_validation: L5 ⚠ characteristics_of_equity_shares/chapter_2_sample_questions.dita — 1 issue(s)
2026-05-15 07:26:00,812 [INFO] layers.layer5_final_validation: L5 ⚠ characteristics_of_equity_shares/characteristics_of_equity_shares.dita — 1 issue(s)
2026-05-15 07:26:00,813 [INFO] layers.layer5_final_validation: L5 ⚠ characteristics_of_equity_shares/corporate_actions.dita — 1 issue(s)
2026-05-15 07:26:00,814 [INFO] layers.layer5_final_validation: L5 ⚠ characteristics_of_equity_shares/dividend.dita — 1 issue(s)
2026-05-15 07:26:00,815 [INFO] layers.layer5_final_validation: L5 ⚠ characteristics_of_equity_shares/equity_terminology.dita — 2 issue(s)
2026-05-15 07:26:00,816 [INFO] layers.layer5_final_validation: L5 ⚠ characteristics_of_equity_shares/face_value.dita — 1 issue(s)
2026-05-15 07:26:00,816 [INFO] layers.layer5_final_validation: L5 ⚠ characteristics_of_equity_shares/fully_paid_up_shares.dita — 1 issue(s)
2026-05-15 07:26:00,817 [INFO] layers.layer5_final_validation: L5 ⚠ characteristics_of_equity_shares/institutional_investors.dita — 1 issue(s)
2026-05-15 07:26:00,818 [INFO] layers.layer5_final_validation: L5 ⚠ characteristics_of_equity_shares/investors_in_equity_shares.dita — 1 issue(s)
2026-05-15 07:26:00,819 [INFO] layers.layer5_final_validation: L5 ⚠ characteristics_of_equity_shares/issued_capital.dita — 1 issue(s)
2026-05-15 07:26:00,820 [INFO] layers.layer5_final_validation: L5 ⚠ characteristics_of_equity_shares/liquidity_risk.dita — 1 issue(s)
2026-05-15 07:26:00,820 [INFO] layers.layer5_final_validation: L5 ⚠ characteristics_of_equity_shares/no_collateral_security.dita — 1 issue(s)
2026-05-15 07:26:00,821 [INFO] layers.layer5_final_validation: L5 ⚠ characteristics_of_equity_shares/no_fixed_return.dita — 1 issue(s)
2026-05-15 07:26:00,822 [INFO] layers.layer5_final_validation: L5 ⚠ characteristics_of_equity_shares/no_fixed_tenor.dita — 1 issue(s)
2026-05-15 07:26:00,823 [INFO] layers.layer5_final_validation: L5 ⚠ characteristics_of_equity_shares/other_rights.dita — 1 issue(s)
2026-05-15 07:26:00,824 [INFO] layers.layer5_final_validation: L5 ⚠ characteristics_of_equity_shares/outstanding_shares.dita — 1 issue(s)
2026-05-15 07:26:00,824 [INFO] layers.layer5_final_validation: L5 ⚠ characteristics_of_equity_shares/ownership_rights_2.dita — 1 issue(s)
2026-05-15 07:26:00,825 [INFO] layers.layer5_final_validation: L5 ⚠ characteristics_of_equity_shares/ownership_transfer_rights.dita — 1 issue(s)
2026-05-15 07:26:00,826 [INFO] layers.layer5_final_validation: L5 ⚠ characteristics_of_equity_shares/paid_up_capital.dita — 1 issue(s)
2026-05-15 07:26:00,827 [INFO] layers.layer5_final_validation: L5 ⚠ characteristics_of_equity_shares/partly_paid_up_shares.dita — 1 issue(s)
2026-05-15 07:26:00,827 [INFO] layers.layer5_final_validation: L5 ⚠ characteristics_of_equity_shares/preference_shares_2.dita — 1 issue(s)
2026-05-15 07:26:00,828 [INFO] layers.layer5_final_validation: L5 ⚠ characteristics_of_equity_shares/preferential_issue.dita — 1 issue(s)
2026-05-15 07:26:00,829 [INFO] layers.layer5_final_validation: L5 ⚠ characteristics_of_equity_shares/promoters.dita — 1 issue(s)
2026-05-15 07:26:00,830 [INFO] layers.layer5_final_validation: L5 ⚠ characteristics_of_equity_shares/public_investors.dita — 1 issue(s)
2026-05-15 07:26:00,831 [INFO] layers.layer5_final_validation: L5 ⚠ characteristics_of_equity_shares/right_to_dividend.dita — 1 issue(s)
2026-05-15 07:26:00,831 [INFO] layers.layer5_final_validation: L5 ⚠ characteristics_of_equity_shares/rights_issue_of_shares.dita — 1 issue(s)
2026-05-15 07:26:00,832 [INFO] layers.layer5_final_validation: L5 ⚠ characteristics_of_equity_shares/rights_of_a_shareholder.dita — 1 issue(s)
2026-05-15 07:26:00,833 [INFO] layers.layer5_final_validation: L5 ⚠ characteristics_of_equity_shares/risks_in_equity_investing.dita — 1 issue(s)
2026-05-15 07:26:00,834 [INFO] layers.layer5_final_validation: L5 ⚠ characteristics_of_equity_shares/share_premium.dita — 1 issue(s)
2026-05-15 07:26:00,835 [INFO] layers.layer5_final_validation: L5 ⚠ characteristics_of_equity_shares/stock_split_and_consolidation.dita — 1 issue(s)
2026-05-15 07:26:00,836 [INFO] layers.layer5_final_validation: L5 ⚠ characteristics_of_other_securities/chapter_4_sample_questions.dita — 1 issue(s)
2026-05-15 07:26:00,837 [INFO] layers.layer5_final_validation: L5 ⚠ characteristics_of_other_securities/characteristics_of_other_securities.dita — 1 issue(s)
2026-05-15 07:26:00,838 [INFO] layers.layer5_final_validation: L5 ⚠ characteristics_of_other_securities/convertible_debentures_2.dita — 1 issue(s)
2026-05-15 07:26:00,838 [INFO] layers.layer5_final_validation: L5 ⚠ characteristics_of_other_securities/depository_receipts.dita — 1 issue(s)
2026-05-15 07:26:00,839 [INFO] layers.layer5_final_validation: L5 ⚠ characteristics_of_other_securities/exchange_traded_funds_and_index_funds.dita — 1 issue(s)
2026-05-15 07:26:00,840 [INFO] layers.layer5_final_validation: L5 ⚠ characteristics_of_other_securities/foreign_currency_convertible_bonds.dita — 1 issue(s)
2026-05-15 07:26:00,841 [INFO] layers.layer5_final_validation: L5 ⚠ characteristics_of_other_securities/infrastructure_investment_trusts_invits.dita — 1 issue(s)
2026-05-15 07:26:00,842 [INFO] layers.layer5_final_validation: L5 ⚠ characteristics_of_other_securities/investment_trusts.dita — 1 issue(s)
2026-05-15 07:26:00,843 [INFO] layers.layer5_final_validation: L5 ⚠ characteristics_of_other_securities/real_estate_investment_trusts_reits.dita — 1 issue(s)
2026-05-15 07:26:00,844 [INFO] layers.layer5_final_validation: L5 ⚠ characteristics_of_other_securities/warrants.dita — 1 issue(s)
2026-05-15 07:26:00,844 [INFO] layers.layer5_final_validation: L5 ⚠ introduction_to_securities/chapter_1_sample_questions.dita — 1 issue(s)
2026-05-15 07:26:00,845 [INFO] layers.layer5_final_validation: L5 ⚠ introduction_to_securities/contributors.dita — 1 issue(s)
2026-05-15 07:26:00,846 [INFO] layers.layer5_final_validation: L5 ⚠ introduction_to_securities/convertible_debentures.dita — 1 issue(s)
2026-05-15 07:26:00,847 [INFO] layers.layer5_final_validation: L5 ⚠ introduction_to_securities/cost_of_capital.dita — 1 issue(s)
2026-05-15 07:26:00,848 [INFO] layers.layer5_final_validation: L5 ⚠ introduction_to_securities/features_of_debt_capital_and_benefits_to_debt_investors.dita — 1 issue(s)
2026-05-15 07:26:00,848 [INFO] layers.layer5_final_validation: L5 ⚠ introduction_to_securities/features_of_equity_capital_and_benefits_to_equity_investors.dita — 1 issue(s)
2026-05-15 07:26:00,849 [INFO] layers.layer5_final_validation: L5 ⚠ introduction_to_securities/hybrid_structures.dita — 1 issue(s)
2026-05-15 07:26:00,850 [INFO] layers.layer5_final_validation: L5 ⚠ introduction_to_securities/introduction_to_equity_and_debt.dita — 1 issue(s)
2026-05-15 07:26:00,851 [INFO] layers.layer5_final_validation: L5 ⚠ introduction_to_securities/introduction_to_securities.dita — 1 issue(s)
2026-05-15 07:26:00,852 [INFO] layers.layer5_final_validation: L5 ⚠ introduction_to_securities/limited_liability.dita — 1 issue(s)
2026-05-15 07:26:00,852 [INFO] layers.layer5_final_validation: L5 ⚠ introduction_to_securities/liquidity.dita — 1 issue(s)
2026-05-15 07:26:00,853 [INFO] layers.layer5_final_validation: L5 ⚠ introduction_to_securities/ownership_rights.dita — 1 issue(s)
2026-05-15 07:26:00,854 [INFO] layers.layer5_final_validation: L5 ⚠ introduction_to_securities/perpetuity.dita — 1 issue(s)
2026-05-15 07:26:00,855 [INFO] layers.layer5_final_validation: L5 ⚠ introduction_to_securities/preference_shares.dita — 1 issue(s)
2026-05-15 07:26:00,856 [INFO] layers.layer5_final_validation: L5 ⚠ introduction_to_securities/rights_of_the_contributors.dita — 1 issue(s)
2026-05-15 07:26:00,856 [INFO] layers.layer5_final_validation: L5 ⚠ introduction_to_securities/time_period.dita — 1 issue(s)
2026-05-15 07:26:00,857 [INFO] layers.layer5_final_validation: L5 ⚠ introduction_to_securities/uncertain_pay_outs.dita — 1 issue(s)
2026-05-15 07:26:00,858 [INFO] layers.layer5_final_validation: L5 ⚠ workbook_for_nism_series_ii_b_registrars_to_an_issue_and_share_transfer_agents/about_nism_certifications.dita — 1 issue(s)
2026-05-15 07:26:00,859 [INFO] layers.layer5_final_validation: L5 ⚠ workbook_for_nism_series_ii_b_registrars_to_an_issue_and_share_transfer_agents/about_the_certification_examination_for_registrars_to_an_issue_and_share.dita — 1 issue(s)
2026-05-15 07:26:00,859 [INFO] layers.layer5_final_validation: L5 ⚠ workbook_for_nism_series_ii_b_registrars_to_an_issue_and_share_transfer_agents/acknowledgement.dita — 1 issue(s)
2026-05-15 07:26:00,860 [INFO] layers.layer5_final_validation: L5 ⚠ workbook_for_nism_series_ii_b_registrars_to_an_issue_and_share_transfer_agents/assessment_structure.dita — 1 issue(s)
2026-05-15 07:26:00,861 [INFO] layers.layer5_final_validation: L5 ⚠ workbook_for_nism_series_ii_b_registrars_to_an_issue_and_share_transfer_agents/disclaimer.dita — 1 issue(s)
2026-05-15 07:26:00,862 [INFO] layers.layer5_final_validation: L5 ⚠ workbook_for_nism_series_ii_b_registrars_to_an_issue_and_share_transfer_agents/examination_objectives.dita — 1 issue(s)
2026-05-15 07:26:00,863 [INFO] layers.layer5_final_validation: L5 ⚠ workbook_for_nism_series_ii_b_registrars_to_an_issue_and_share_transfer_agents/foreword.dita — 1 issue(s)
2026-05-15 07:26:00,863 [INFO] layers.layer5_final_validation: L5 ⚠ workbook_for_nism_series_ii_b_registrars_to_an_issue_and_share_transfer_agents/how_to_register_and_take_the_examination.dita — 1 issue(s)
2026-05-15 07:26:00,864 [INFO] layers.layer5_final_validation: L5 ⚠ workbook_for_nism_series_ii_b_registrars_to_an_issue_and_share_transfer_agents/important.dita — 1 issue(s)
2026-05-15 07:26:00,865 [INFO] layers.layer5_final_validation: L5 ⚠ workbook_for_nism_series_ii_b_registrars_to_an_issue_and_share_transfer_agents/nism_series_ii_b_registrars_to_an_issue_and_share_transfer_agents_mutual_fund.dita — 1 issue(s)
2026-05-15 07:26:00,866 [INFO] layers.layer5_final_validation: L5 ⚠ workbook_for_nism_series_ii_b_registrars_to_an_issue_and_share_transfer_agents/workbook_for_nism_series_ii_b_registrars_to_an_issue_and_share_transfer_agents.dita — 1 issue(s)
2026-05-15 07:26:00,866 [INFO] layers.layer5_final_validation: L5 ✓ done pass=True acc=100% crit=0 err=0 warn=93
2026-05-15 07:26:00,866 [INFO] layers.layer5_final_validation: L5 DTD schema start
2026-05-15 07:26:00,867 [INFO] utils.dita_schema_validator: [SchemaValidator] VALID    amortising_bonds.dita
2026-05-15 07:26:00,868 [INFO] utils.dita_schema_validator: [SchemaValidator] VALID    asset_backed_securities.dita
2026-05-15 07:26:00,868 [INFO] utils.dita_schema_validator: [SchemaValidator] VALID    chapter_3_sample_questions.dita
2026-05-15 07:26:00,869 [INFO] utils.dita_schema_validator: [SchemaValidator] VALID    characteristics_of_debt_securities.dita
2026-05-15 07:26:00,869 [INFO] utils.dita_schema_validator: [SchemaValidator] VALID    classification_of_debt_market.dita
2026-05-15 07:26:00,869 [INFO] utils.dita_schema_validator: [SchemaValidator] VALID    convertible_debt_securities.dita
2026-05-15 07:26:00,870 [INFO] utils.dita_schema_validator: [SchemaValidator] VALID    credit_rating.dita
2026-05-15 07:26:00,870 [INFO] utils.dita_schema_validator: [SchemaValidator] VALID    current_yield.dita
2026-05-15 07:26:00,870 [INFO] utils.dita_schema_validator: [SchemaValidator] VALID    features_of_a_debt_security.dita
2026-05-15 07:26:00,870 [INFO] utils.dita_schema_validator: [SchemaValidator] VALID    fixed_rate_bonds.dita
2026-05-15 07:26:00,871 [INFO] utils.dita_schema_validator: [SchemaValidator] VALID    floating_rate_bonds.dita
2026-05-15 07:26:00,871 [INFO] utils.dita_schema_validator: [SchemaValidator] VALID    inflation_indexed_bonds.dita
2026-05-15 07:26:00,871 [INFO] utils.dita_schema_validator: [SchemaValidator] VALID    market_value_of_a_debt_security.dita
2026-05-15 07:26:00,872 [INFO] utils.dita_schema_validator: [SchemaValidator] VALID    money_market_instruments.dita
2026-05-15 07:26:00,872 [INFO] utils.dita_schema_validator: [SchemaValidator] VALID    other_types_of_bonds.dita
2026-05-15 07:26:00,872 [INFO] utils.dita_schema_validator: [SchemaValidator] VALID    types_of_debt_securities.dita
2026-05-15 07:26:00,873 [INFO] utils.dita_schema_validator: [SchemaValidator] VALID    unrated_bonds.dita
2026-05-15 07:26:00,873 [INFO] utils.dita_schema_validator: [SchemaValidator] VALID    yield_from_debt_instruments.dita
2026-05-15 07:26:00,873 [INFO] utils.dita_schema_validator: [SchemaValidator] VALID    yield_to_maturity_ytm.dita
2026-05-15 07:26:00,873 [INFO] utils.dita_schema_validator: [SchemaValidator] VALID    zero_coupon_bond.dita
2026-05-15 07:26:00,874 [INFO] utils.dita_schema_validator: [SchemaValidator] VALID    authorised_capital.dita
2026-05-15 07:26:00,874 [INFO] utils.dita_schema_validator: [SchemaValidator] VALID    bonus_issue.dita
2026-05-15 07:26:00,874 [INFO] utils.dita_schema_validator: [SchemaValidator] VALID    buyback_of_shares.dita
2026-05-15 07:26:00,875 [INFO] utils.dita_schema_validator: [SchemaValidator] VALID    chapter_2_sample_questions.dita
2026-05-15 07:26:00,875 [INFO] utils.dita_schema_validator: [SchemaValidator] VALID    characteristics_of_equity_shares.dita
2026-05-15 07:26:00,875 [INFO] utils.dita_schema_validator: [SchemaValidator] VALID    corporate_actions.dita
2026-05-15 07:26:00,875 [INFO] utils.dita_schema_validator: [SchemaValidator] VALID    dividend.dita
2026-05-15 07:26:00,876 [INFO] utils.dita_schema_validator: [SchemaValidator] VALID    equity_terminology.dita
2026-05-15 07:26:00,876 [INFO] utils.dita_schema_validator: [SchemaValidator] VALID    face_value.dita
2026-05-15 07:26:00,876 [INFO] utils.dita_schema_validator: [SchemaValidator] VALID    fully_paid_up_shares.dita
2026-05-15 07:26:00,877 [INFO] utils.dita_schema_validator: [SchemaValidator] VALID    institutional_investors.dita
2026-05-15 07:26:00,877 [INFO] utils.dita_schema_validator: [SchemaValidator] VALID    investors_in_equity_shares.dita
2026-05-15 07:26:00,877 [INFO] utils.dita_schema_validator: [SchemaValidator] VALID    issued_capital.dita
2026-05-15 07:26:00,878 [INFO] utils.dita_schema_validator: [SchemaValidator] VALID    liquidity_risk.dita
2026-05-15 07:26:00,878 [INFO] utils.dita_schema_validator: [SchemaValidator] VALID    no_collateral_security.dita
2026-05-15 07:26:00,878 [INFO] utils.dita_schema_validator: [SchemaValidator] VALID    no_fixed_return.dita
2026-05-15 07:26:00,878 [INFO] utils.dita_schema_validator: [SchemaValidator] VALID    no_fixed_tenor.dita
2026-05-15 07:26:00,879 [INFO] utils.dita_schema_validator: [SchemaValidator] VALID    other_rights.dita
2026-05-15 07:26:00,879 [INFO] utils.dita_schema_validator: [SchemaValidator] VALID    outstanding_shares.dita
2026-05-15 07:26:00,879 [INFO] utils.dita_schema_validator: [SchemaValidator] VALID    ownership_rights_2.dita
2026-05-15 07:26:00,880 [INFO] utils.dita_schema_validator: [SchemaValidator] VALID    ownership_transfer_rights.dita
2026-05-15 07:26:00,880 [INFO] utils.dita_schema_validator: [SchemaValidator] VALID    paid_up_capital.dita
2026-05-15 07:26:00,880 [INFO] utils.dita_schema_validator: [SchemaValidator] VALID    partly_paid_up_shares.dita
2026-05-15 07:26:00,880 [INFO] utils.dita_schema_validator: [SchemaValidator] VALID    preference_shares_2.dita
2026-05-15 07:26:00,881 [INFO] utils.dita_schema_validator: [SchemaValidator] VALID    preferential_issue.dita
2026-05-15 07:26:00,881 [INFO] utils.dita_schema_validator: [SchemaValidator] VALID    promoters.dita
2026-05-15 07:26:00,881 [INFO] utils.dita_schema_validator: [SchemaValidator] VALID    public_investors.dita
2026-05-15 07:26:00,882 [INFO] utils.dita_schema_validator: [SchemaValidator] VALID    right_to_dividend.dita
2026-05-15 07:26:00,882 [INFO] utils.dita_schema_validator: [SchemaValidator] VALID    rights_issue_of_shares.dita
2026-05-15 07:26:00,882 [INFO] utils.dita_schema_validator: [SchemaValidator] VALID    rights_of_a_shareholder.dita
2026-05-15 07:26:00,882 [INFO] utils.dita_schema_validator: [SchemaValidator] VALID    risks_in_equity_investing.dita
2026-05-15 07:26:00,883 [INFO] utils.dita_schema_validator: [SchemaValidator] VALID    share_premium.dita
2026-05-15 07:26:00,883 [INFO] utils.dita_schema_validator: [SchemaValidator] VALID    stock_split_and_consolidation.dita
2026-05-15 07:26:00,884 [INFO] utils.dita_schema_validator: [SchemaValidator] VALID    chapter_4_sample_questions.dita
2026-05-15 07:26:00,884 [INFO] utils.dita_schema_validator: [SchemaValidator] VALID    characteristics_of_other_securities.dita
2026-05-15 07:26:00,884 [INFO] utils.dita_schema_validator: [SchemaValidator] VALID    convertible_debentures_2.dita
2026-05-15 07:26:00,885 [INFO] utils.dita_schema_validator: [SchemaValidator] VALID    depository_receipts.dita
2026-05-15 07:26:00,885 [INFO] utils.dita_schema_validator: [SchemaValidator] VALID    exchange_traded_funds_and_index_funds.dita
2026-05-15 07:26:00,885 [INFO] utils.dita_schema_validator: [SchemaValidator] VALID    foreign_currency_convertible_bonds.dita
2026-05-15 07:26:00,886 [INFO] utils.dita_schema_validator: [SchemaValidator] VALID    infrastructure_investment_trusts_invits.dita
2026-05-15 07:26:00,886 [INFO] utils.dita_schema_validator: [SchemaValidator] VALID    investment_trusts.dita
2026-05-15 07:26:00,886 [INFO] utils.dita_schema_validator: [SchemaValidator] VALID    real_estate_investment_trusts_reits.dita
2026-05-15 07:26:00,886 [INFO] utils.dita_schema_validator: [SchemaValidator] VALID    warrants.dita
2026-05-15 07:26:00,887 [INFO] utils.dita_schema_validator: [SchemaValidator] VALID    chapter_1_sample_questions.dita
2026-05-15 07:26:00,887 [INFO] utils.dita_schema_validator: [SchemaValidator] VALID    contributors.dita
2026-05-15 07:26:00,887 [INFO] utils.dita_schema_validator: [SchemaValidator] VALID    convertible_debentures.dita
2026-05-15 07:26:00,888 [INFO] utils.dita_schema_validator: [SchemaValidator] VALID    cost_of_capital.dita
2026-05-15 07:26:00,888 [INFO] utils.dita_schema_validator: [SchemaValidator] VALID    features_of_debt_capital_and_benefits_to_debt_investors.dita
2026-05-15 07:26:00,888 [INFO] utils.dita_schema_validator: [SchemaValidator] VALID    features_of_equity_capital_and_benefits_to_equity_investors.dita
2026-05-15 07:26:00,889 [INFO] utils.dita_schema_validator: [SchemaValidator] VALID    hybrid_structures.dita
2026-05-15 07:26:00,889 [INFO] utils.dita_schema_validator: [SchemaValidator] VALID    introduction_to_equity_and_debt.dita
2026-05-15 07:26:00,889 [INFO] utils.dita_schema_validator: [SchemaValidator] VALID    introduction_to_securities.dita
2026-05-15 07:26:00,890 [INFO] utils.dita_schema_validator: [SchemaValidator] VALID    limited_liability.dita
2026-05-15 07:26:00,890 [INFO] utils.dita_schema_validator: [SchemaValidator] VALID    liquidity.dita
2026-05-15 07:26:00,890 [INFO] utils.dita_schema_validator: [SchemaValidator] VALID    ownership_rights.dita
2026-05-15 07:26:00,890 [INFO] utils.dita_schema_validator: [SchemaValidator] VALID    perpetuity.dita
2026-05-15 07:26:00,891 [INFO] utils.dita_schema_validator: [SchemaValidator] VALID    preference_shares.dita
2026-05-15 07:26:00,891 [INFO] utils.dita_schema_validator: [SchemaValidator] VALID    rights_of_the_contributors.dita
2026-05-15 07:26:00,891 [INFO] utils.dita_schema_validator: [SchemaValidator] VALID    time_period.dita
2026-05-15 07:26:00,892 [INFO] utils.dita_schema_validator: [SchemaValidator] VALID    uncertain_pay_outs.dita
2026-05-15 07:26:00,892 [INFO] utils.dita_schema_validator: [SchemaValidator] VALID    about_nism_certifications.dita
2026-05-15 07:26:00,892 [INFO] utils.dita_schema_validator: [SchemaValidator] VALID    about_the_certification_examination_for_registrars_to_an_issue_and_share.dita
2026-05-15 07:26:00,893 [INFO] utils.dita_schema_validator: [SchemaValidator] VALID    acknowledgement.dita
2026-05-15 07:26:00,893 [INFO] utils.dita_schema_validator: [SchemaValidator] VALID    assessment_structure.dita
2026-05-15 07:26:00,893 [INFO] utils.dita_schema_validator: [SchemaValidator] VALID    disclaimer.dita
2026-05-15 07:26:00,894 [INFO] utils.dita_schema_validator: [SchemaValidator] VALID    examination_objectives.dita
2026-05-15 07:26:00,894 [INFO] utils.dita_schema_validator: [SchemaValidator] VALID    foreword.dita
2026-05-15 07:26:00,894 [INFO] utils.dita_schema_validator: [SchemaValidator] VALID    how_to_register_and_take_the_examination.dita
2026-05-15 07:26:00,895 [INFO] utils.dita_schema_validator: [SchemaValidator] VALID    important.dita
2026-05-15 07:26:00,895 [INFO] utils.dita_schema_validator: [SchemaValidator] VALID    nism_series_ii_b_registrars_to_an_issue_and_share_transfer_agents_mutual_fund.dita
2026-05-15 07:26:00,895 [INFO] utils.dita_schema_validator: [SchemaValidator] VALID    workbook_for_nism_series_ii_b_registrars_to_an_issue_and_share_transfer_agents.dita
2026-05-15 07:26:00,896 [INFO] utils.dita_schema_validator: [SchemaValidator] ── DONE ── schema_passed=True, valid=91/91
2026-05-15 07:26:00,896 [INFO] layers.layer5_final_validation: L5 DTD schema pass=True valid=91/91
2026-05-15 07:26:00,896 [INFO] pipeline.enrich_runner: [EnrichPipeline] Layer 5 — passed=True, accuracy=100%
2026-05-15 07:26:00,896 [INFO] pipeline.enrich_runner: [EnrichPipeline] ── Post-Enrichment Structural Validation ──
2026-05-15 07:26:00,896 [INFO] utils.structure_validator: [StructureValidator] Checking .ditamap topicref and mapref references
2026-05-15 07:26:00,907 [INFO] utils.structure_validator: [StructureValidator] Checking for duplicate id attributes
2026-05-15 07:26:00,917 [INFO] utils.structure_validator: [StructureValidator] Checking <xref> href targets
2026-05-15 07:26:00,925 [INFO] utils.structure_validator: [StructureValidator] Checking for spaces in filenames and folder names
2026-05-15 07:26:00,927 [INFO] utils.structure_validator: [StructureValidator] Running per-file DITA schema validation
2026-05-15 07:26:00,928 [WARNING] utils.structure_validator: [StructureValidator] WARNING [empty_body]: 'characteristics_of_debt_securities/types_of_debt_securities.dita' — <conbody> exists but has no child elements or text content
2026-05-15 07:26:00,928 [WARNING] utils.structure_validator: [StructureValidator] WARNING [missing_shortdesc]: 'characteristics_of_debt_securities/types_of_debt_securities.dita' — <shortdesc> element is missing — required for search previews and navigation
2026-05-15 07:26:00,933 [WARNING] utils.structure_validator: [StructureValidator] WARNING [missing_steps]: 'workbook_for_nism_series_ii_b_registrars_to_an_issue_and_share_transfer_agents/about_the_certification_examination_for_registrars_to_an_issue_and_share.dita' — <taskbody> has no <steps> or <steps-unordered> element
2026-05-15 07:26:00,935 [WARNING] utils.structure_validator: [StructureValidator] WARNING [table_missing_title]: 'workbook_for_nism_series_ii_b_registrars_to_an_issue_and_share_transfer_agents/nism_series_ii_b_registrars_to_an_issue_and_share_transfer_agents_mutual_fund.dita' — <table> #1 has no <title> element — required for accessibility and DITA compliance
2026-05-15 07:26:00,936 [WARNING] utils.structure_validator: [StructureValidator] WARNING [missing_steps]: 'workbook_for_nism_series_ii_b_registrars_to_an_issue_and_share_transfer_agents/how_to_register_and_take_the_examination.dita' — <taskbody> has no <steps> or <steps-unordered> element
2026-05-15 07:26:00,941 [WARNING] utils.structure_validator: [StructureValidator] WARNING [empty_body]: 'characteristics_of_equity_shares/equity_terminology.dita' — <conbody> exists but has no child elements or text content
2026-05-15 07:26:00,941 [WARNING] utils.structure_validator: [StructureValidator] WARNING [missing_shortdesc]: 'characteristics_of_equity_shares/equity_terminology.dita' — <shortdesc> element is missing — required for search previews and navigation
2026-05-15 07:26:00,945 [WARNING] utils.structure_validator: [StructureValidator] WARNING [missing_steps]: 'introduction_to_securities/contributors.dita' — <taskbody> has no <steps> or <steps-unordered> element
2026-05-15 07:26:00,950 [WARNING] utils.structure_validator: [StructureValidator] WARNING [table_missing_title]: 'characteristics_of_other_securities/exchange_traded_funds_and_index_funds.dita' — <table> #1 has no <title> element — required for accessibility and DITA compliance
2026-05-15 07:26:00,953 [INFO] utils.structure_validator: [StructureValidator] Complete — CRITICAL=0, WARNING=9 | dita_files=91, broken_xml=0, empty=2, broken_dita_refs=0, broken_maprefs=0, orphans=0, duplicate_ids=0, broken_xrefs=0, filename_spaces=0
2026-05-15 07:26:00,953 [INFO] pipeline.enrich_runner: [EnrichPipeline] Post-structural — CRITICAL=0, WARNING=9
2026-05-15 07:26:00,954 [INFO] pipeline.enrich_runner: [EnrichPipeline] ── Post-Enrichment AI Content Quality Check ──
2026-05-15 07:26:00,963 [INFO] utils.structure_validator: [EnrichmentQuality] Post-AI check — 4 issues in 91 files (CRITICAL=0, WARNING=4)
2026-05-15 07:26:00,963 [INFO] pipeline.enrich_runner: [EnrichPipeline] AI content quality — CRITICAL=0, WARNING=4 (checks: shortdesc, keywords, indexterms)
2026-05-15 07:26:00,964 [INFO] pipeline.enrich_runner: [EnrichPipeline] Fix report — backend_errors=0 | fixed_by_zone1=0, fixed_by_ai=91, remaining=6, ai_obligations_missed=2, new_by_ai=3
2026-05-15 07:26:00,969 [INFO] pipeline.enrich_runner: [EnrichPipeline] Saved: /app/output/f2ced2d0-20eb-4012-8b06-ccca5d54e78d/ai_reports/_agent_report.json
2026-05-15 07:26:00,969 [INFO] pipeline.enrich_runner: [EnrichPipeline] ── Layer 6: Suggestion Agent ──
2026-05-15 07:26:00,978 [INFO] layers.layer6_fix_agent: L6/Suggest ── Started ──
2026-05-15 07:26:00,979 [INFO] layers.layer6_fix_agent: L6/Suggest 104 issues (pre-dedup)
2026-05-15 07:26:00,980 [INFO] layers.layer6_fix_agent: L6/Suggest 100 unique issues
2026-05-15 07:26:00,980 [INFO] layers.layer6_fix_agent: L6/Suggest tmpl empty_body characteristics_of_debt_securities/types_of_debt_securities.dita
2026-05-15 07:26:00,981 [INFO] layers.layer6_fix_agent: L6/Suggest tmpl missing_shortdesc characteristics_of_debt_securities/types_of_debt_securities.dita
2026-05-15 07:26:00,981 [INFO] layers.layer6_fix_agent: L6/Suggest tmpl table_missing_title workbook_for_nism_series_ii_b_registrars_to_an_issue_and_share_transfer_agents/nism_series_ii_b_registrars_to_an_issue_and_share_transfer_agents_mutual_fund.dita
2026-05-15 07:26:00,981 [INFO] layers.layer6_fix_agent: L6/Suggest tmpl empty_body characteristics_of_equity_shares/equity_terminology.dita
2026-05-15 07:26:00,981 [INFO] layers.layer6_fix_agent: L6/Suggest tmpl missing_shortdesc characteristics_of_equity_shares/equity_terminology.dita
2026-05-15 07:26:00,982 [INFO] layers.layer6_fix_agent: L6/Suggest tmpl table_missing_title characteristics_of_other_securities/exchange_traded_funds_and_index_funds.dita
2026-05-15 07:26:00,982 [INFO] layers.layer6_fix_agent: L6/Suggest tmpl missing_prolog characteristics_of_debt_securities/types_of_debt_securities.dita
2026-05-15 07:26:00,982 [INFO] layers.layer6_fix_agent: L6/Suggest tmpl missing_prolog characteristics_of_equity_shares/equity_terminology.dita
2026-05-15 07:26:00,982 [INFO] layers.layer6_fix_agent: L6/Suggest tmpl missing_steps workbook_for_nism_series_ii_b_registrars_to_an_issue_and_share_transfer_agents/about_the_certification_examination_for_registrars_to_an_issue_and_share.dita
2026-05-15 07:26:00,982 [INFO] layers.layer6_fix_agent: L6/Suggest tmpl missing_steps workbook_for_nism_series_ii_b_registrars_to_an_issue_and_share_transfer_agents/how_to_register_and_take_the_examination.dita
2026-05-15 07:26:00,982 [INFO] layers.layer6_fix_agent: L6/Suggest tmpl missing_steps introduction_to_securities/contributors.dita
2026-05-15 07:26:00,982 [INFO] layers.layer6_fix_agent: L6/Suggest tmpl missing_prodname characteristics_of_debt_securities/amortising_bonds.dita
2026-05-15 07:26:00,982 [INFO] layers.layer6_fix_agent: L6/Suggest tmpl missing_prodname characteristics_of_debt_securities/asset_backed_securities.dita
2026-05-15 07:26:00,983 [INFO] layers.layer6_fix_agent: L6/Suggest tmpl missing_prodname characteristics_of_debt_securities/chapter_3_sample_questions.dita
2026-05-15 07:26:00,983 [INFO] layers.layer6_fix_agent: L6/Suggest tmpl missing_prodname characteristics_of_debt_securities/characteristics_of_debt_securities.dita
2026-05-15 07:26:00,983 [INFO] layers.layer6_fix_agent: L6/Suggest tmpl missing_prodname characteristics_of_debt_securities/classification_of_debt_market.dita
2026-05-15 07:26:00,983 [INFO] layers.layer6_fix_agent: L6/Suggest tmpl missing_prodname characteristics_of_debt_securities/convertible_debt_securities.dita
2026-05-15 07:26:00,983 [INFO] layers.layer6_fix_agent: L6/Suggest tmpl missing_prodname characteristics_of_debt_securities/credit_rating.dita
2026-05-15 07:26:00,983 [INFO] layers.layer6_fix_agent: L6/Suggest tmpl missing_prodname characteristics_of_debt_securities/current_yield.dita
2026-05-15 07:26:00,984 [INFO] layers.layer6_fix_agent: L6/Suggest tmpl missing_prodname characteristics_of_debt_securities/features_of_a_debt_security.dita
2026-05-15 07:26:00,984 [INFO] layers.layer6_fix_agent: L6/Suggest tmpl missing_prodname characteristics_of_debt_securities/fixed_rate_bonds.dita
2026-05-15 07:26:00,984 [INFO] layers.layer6_fix_agent: L6/Suggest tmpl missing_prodname characteristics_of_debt_securities/floating_rate_bonds.dita
2026-05-15 07:26:00,984 [INFO] layers.layer6_fix_agent: L6/Suggest tmpl missing_prodname characteristics_of_debt_securities/inflation_indexed_bonds.dita
2026-05-15 07:26:00,984 [INFO] layers.layer6_fix_agent: L6/Suggest tmpl missing_prodname characteristics_of_debt_securities/market_value_of_a_debt_security.dita
2026-05-15 07:26:00,985 [INFO] layers.layer6_fix_agent: L6/Suggest tmpl missing_prodname characteristics_of_debt_securities/money_market_instruments.dita
2026-05-15 07:26:00,985 [INFO] layers.layer6_fix_agent: L6/Suggest tmpl missing_prodname characteristics_of_debt_securities/other_types_of_bonds.dita
2026-05-15 07:26:00,985 [INFO] layers.layer6_fix_agent: L6/Suggest tmpl missing_prodname characteristics_of_debt_securities/unrated_bonds.dita
2026-05-15 07:26:00,985 [INFO] layers.layer6_fix_agent: L6/Suggest tmpl missing_prodname characteristics_of_debt_securities/yield_from_debt_instruments.dita
2026-05-15 07:26:00,985 [INFO] layers.layer6_fix_agent: L6/Suggest tmpl missing_prodname characteristics_of_debt_securities/yield_to_maturity_ytm.dita
2026-05-15 07:26:00,985 [INFO] layers.layer6_fix_agent: L6/Suggest tmpl missing_prodname characteristics_of_debt_securities/zero_coupon_bond.dita
2026-05-15 07:26:00,986 [INFO] layers.layer6_fix_agent: L6/Suggest tmpl missing_prodname characteristics_of_equity_shares/authorised_capital.dita
2026-05-15 07:26:00,986 [INFO] layers.layer6_fix_agent: L6/Suggest tmpl missing_prodname characteristics_of_equity_shares/bonus_issue.dita
2026-05-15 07:26:00,986 [INFO] layers.layer6_fix_agent: L6/Suggest tmpl missing_prodname characteristics_of_equity_shares/buyback_of_shares.dita
2026-05-15 07:26:00,986 [INFO] layers.layer6_fix_agent: L6/Suggest tmpl missing_prodname characteristics_of_equity_shares/chapter_2_sample_questions.dita
2026-05-15 07:26:00,986 [INFO] layers.layer6_fix_agent: L6/Suggest tmpl missing_prodname characteristics_of_equity_shares/characteristics_of_equity_shares.dita
2026-05-15 07:26:00,986 [INFO] layers.layer6_fix_agent: L6/Suggest tmpl missing_prodname characteristics_of_equity_shares/corporate_actions.dita
2026-05-15 07:26:00,987 [INFO] layers.layer6_fix_agent: L6/Suggest tmpl missing_prodname characteristics_of_equity_shares/dividend.dita
2026-05-15 07:26:00,987 [INFO] layers.layer6_fix_agent: L6/Suggest tmpl missing_prodname characteristics_of_equity_shares/face_value.dita
2026-05-15 07:26:00,987 [INFO] layers.layer6_fix_agent: L6/Suggest tmpl missing_prodname characteristics_of_equity_shares/fully_paid_up_shares.dita
2026-05-15 07:26:00,987 [INFO] layers.layer6_fix_agent: L6/Suggest tmpl missing_prodname characteristics_of_equity_shares/institutional_investors.dita
2026-05-15 07:26:00,987 [INFO] layers.layer6_fix_agent: L6/Suggest tmpl missing_prodname characteristics_of_equity_shares/investors_in_equity_shares.dita
2026-05-15 07:26:00,987 [INFO] layers.layer6_fix_agent: L6/Suggest tmpl missing_prodname characteristics_of_equity_shares/issued_capital.dita
2026-05-15 07:26:00,988 [INFO] layers.layer6_fix_agent: L6/Suggest tmpl missing_prodname characteristics_of_equity_shares/liquidity_risk.dita
2026-05-15 07:26:00,988 [INFO] layers.layer6_fix_agent: L6/Suggest tmpl missing_prodname characteristics_of_equity_shares/no_collateral_security.dita
2026-05-15 07:26:00,988 [INFO] layers.layer6_fix_agent: L6/Suggest tmpl missing_prodname characteristics_of_equity_shares/no_fixed_return.dita
2026-05-15 07:26:00,988 [INFO] layers.layer6_fix_agent: L6/Suggest tmpl missing_prodname characteristics_of_equity_shares/no_fixed_tenor.dita
2026-05-15 07:26:00,988 [INFO] layers.layer6_fix_agent: L6/Suggest tmpl missing_prodname characteristics_of_equity_shares/other_rights.dita
2026-05-15 07:26:00,988 [INFO] layers.layer6_fix_agent: L6/Suggest tmpl missing_prodname characteristics_of_equity_shares/outstanding_shares.dita
2026-05-15 07:26:00,989 [INFO] layers.layer6_fix_agent: L6/Suggest tmpl missing_prodname characteristics_of_equity_shares/ownership_rights_2.dita
2026-05-15 07:26:00,989 [INFO] layers.layer6_fix_agent: L6/Suggest tmpl missing_prodname characteristics_of_equity_shares/ownership_transfer_rights.dita
2026-05-15 07:26:00,989 [INFO] layers.layer6_fix_agent: L6/Suggest tmpl missing_prodname characteristics_of_equity_shares/paid_up_capital.dita
2026-05-15 07:26:00,989 [INFO] layers.layer6_fix_agent: L6/Suggest tmpl missing_prodname characteristics_of_equity_shares/partly_paid_up_shares.dita
2026-05-15 07:26:00,989 [INFO] layers.layer6_fix_agent: L6/Suggest tmpl missing_prodname characteristics_of_equity_shares/preference_shares_2.dita
2026-05-15 07:26:00,989 [INFO] layers.layer6_fix_agent: L6/Suggest tmpl missing_prodname characteristics_of_equity_shares/preferential_issue.dita
2026-05-15 07:26:00,990 [INFO] layers.layer6_fix_agent: L6/Suggest tmpl missing_prodname characteristics_of_equity_shares/promoters.dita
2026-05-15 07:26:00,990 [INFO] layers.layer6_fix_agent: L6/Suggest tmpl missing_prodname characteristics_of_equity_shares/public_investors.dita
2026-05-15 07:26:00,990 [INFO] layers.layer6_fix_agent: L6/Suggest tmpl missing_prodname characteristics_of_equity_shares/right_to_dividend.dita
2026-05-15 07:26:00,990 [INFO] layers.layer6_fix_agent: L6/Suggest tmpl missing_prodname characteristics_of_equity_shares/rights_issue_of_shares.dita
2026-05-15 07:26:00,990 [INFO] layers.layer6_fix_agent: L6/Suggest tmpl missing_prodname characteristics_of_equity_shares/rights_of_a_shareholder.dita
2026-05-15 07:26:00,990 [INFO] layers.layer6_fix_agent: L6/Suggest tmpl missing_prodname characteristics_of_equity_shares/risks_in_equity_investing.dita
2026-05-15 07:26:00,991 [INFO] layers.layer6_fix_agent: L6/Suggest tmpl missing_prodname characteristics_of_equity_shares/share_premium.dita
2026-05-15 07:26:00,991 [INFO] layers.layer6_fix_agent: L6/Suggest tmpl missing_prodname characteristics_of_equity_shares/stock_split_and_consolidation.dita
2026-05-15 07:26:00,991 [INFO] layers.layer6_fix_agent: L6/Suggest tmpl missing_prodname characteristics_of_other_securities/chapter_4_sample_questions.dita
2026-05-15 07:26:00,991 [INFO] layers.layer6_fix_agent: L6/Suggest tmpl missing_prodname characteristics_of_other_securities/characteristics_of_other_securities.dita
2026-05-15 07:26:00,991 [INFO] layers.layer6_fix_agent: L6/Suggest tmpl missing_prodname characteristics_of_other_securities/convertible_debentures_2.dita
2026-05-15 07:26:00,991 [INFO] layers.layer6_fix_agent: L6/Suggest tmpl missing_prodname characteristics_of_other_securities/depository_receipts.dita
2026-05-15 07:26:00,992 [INFO] layers.layer6_fix_agent: L6/Suggest tmpl missing_prodname characteristics_of_other_securities/exchange_traded_funds_and_index_funds.dita
2026-05-15 07:26:00,992 [INFO] layers.layer6_fix_agent: L6/Suggest tmpl missing_prodname characteristics_of_other_securities/foreign_currency_convertible_bonds.dita
2026-05-15 07:26:00,992 [INFO] layers.layer6_fix_agent: L6/Suggest tmpl missing_prodname characteristics_of_other_securities/infrastructure_investment_trusts_invits.dita
2026-05-15 07:26:00,992 [INFO] layers.layer6_fix_agent: L6/Suggest tmpl missing_prodname characteristics_of_other_securities/investment_trusts.dita
2026-05-15 07:26:00,992 [INFO] layers.layer6_fix_agent: L6/Suggest tmpl missing_prodname characteristics_of_other_securities/real_estate_investment_trusts_reits.dita
2026-05-15 07:26:00,992 [INFO] layers.layer6_fix_agent: L6/Suggest tmpl missing_prodname characteristics_of_other_securities/warrants.dita
2026-05-15 07:26:00,993 [INFO] layers.layer6_fix_agent: L6/Suggest tmpl missing_prodname introduction_to_securities/chapter_1_sample_questions.dita
2026-05-15 07:26:00,993 [INFO] layers.layer6_fix_agent: L6/Suggest tmpl missing_prodname introduction_to_securities/contributors.dita
2026-05-15 07:26:00,993 [INFO] layers.layer6_fix_agent: L6/Suggest tmpl missing_prodname introduction_to_securities/convertible_debentures.dita
2026-05-15 07:26:00,993 [INFO] layers.layer6_fix_agent: L6/Suggest tmpl missing_prodname introduction_to_securities/cost_of_capital.dita
2026-05-15 07:26:00,993 [INFO] layers.layer6_fix_agent: L6/Suggest tmpl missing_prodname introduction_to_securities/features_of_debt_capital_and_benefits_to_debt_investors.dita
2026-05-15 07:26:00,993 [INFO] layers.layer6_fix_agent: L6/Suggest tmpl missing_prodname introduction_to_securities/features_of_equity_capital_and_benefits_to_equity_investors.dita
2026-05-15 07:26:00,994 [INFO] layers.layer6_fix_agent: L6/Suggest tmpl missing_prodname introduction_to_securities/hybrid_structures.dita
2026-05-15 07:26:00,994 [INFO] layers.layer6_fix_agent: L6/Suggest tmpl missing_prodname introduction_to_securities/introduction_to_equity_and_debt.dita
2026-05-15 07:26:00,994 [INFO] layers.layer6_fix_agent: L6/Suggest tmpl missing_prodname introduction_to_securities/introduction_to_securities.dita
2026-05-15 07:26:00,994 [INFO] layers.layer6_fix_agent: L6/Suggest tmpl missing_prodname introduction_to_securities/limited_liability.dita
2026-05-15 07:26:00,994 [INFO] layers.layer6_fix_agent: L6/Suggest tmpl missing_prodname introduction_to_securities/liquidity.dita
2026-05-15 07:26:00,995 [INFO] layers.layer6_fix_agent: L6/Suggest tmpl missing_prodname introduction_to_securities/ownership_rights.dita
2026-05-15 07:26:00,995 [INFO] layers.layer6_fix_agent: L6/Suggest tmpl missing_prodname introduction_to_securities/perpetuity.dita
2026-05-15 07:26:00,995 [INFO] layers.layer6_fix_agent: L6/Suggest tmpl missing_prodname introduction_to_securities/preference_shares.dita
2026-05-15 07:26:00,995 [INFO] layers.layer6_fix_agent: L6/Suggest tmpl missing_prodname introduction_to_securities/rights_of_the_contributors.dita
2026-05-15 07:26:00,995 [INFO] layers.layer6_fix_agent: L6/Suggest tmpl missing_prodname introduction_to_securities/time_period.dita
2026-05-15 07:26:00,995 [INFO] layers.layer6_fix_agent: L6/Suggest tmpl missing_prodname introduction_to_securities/uncertain_pay_outs.dita
2026-05-15 07:26:00,996 [INFO] layers.layer6_fix_agent: L6/Suggest tmpl missing_prodname workbook_for_nism_series_ii_b_registrars_to_an_issue_and_share_transfer_agents/about_nism_certifications.dita
2026-05-15 07:26:00,996 [INFO] layers.layer6_fix_agent: L6/Suggest tmpl missing_prodname workbook_for_nism_series_ii_b_registrars_to_an_issue_and_share_transfer_agents/about_the_certification_examination_for_registrars_to_an_issue_and_share.dita
2026-05-15 07:26:00,996 [INFO] layers.layer6_fix_agent: L6/Suggest tmpl missing_prodname workbook_for_nism_series_ii_b_registrars_to_an_issue_and_share_transfer_agents/acknowledgement.dita
2026-05-15 07:26:00,996 [INFO] layers.layer6_fix_agent: L6/Suggest tmpl missing_prodname workbook_for_nism_series_ii_b_registrars_to_an_issue_and_share_transfer_agents/assessment_structure.dita
2026-05-15 07:26:00,996 [INFO] layers.layer6_fix_agent: L6/Suggest tmpl missing_prodname workbook_for_nism_series_ii_b_registrars_to_an_issue_and_share_transfer_agents/disclaimer.dita
2026-05-15 07:26:00,997 [INFO] layers.layer6_fix_agent: L6/Suggest tmpl missing_prodname workbook_for_nism_series_ii_b_registrars_to_an_issue_and_share_transfer_agents/examination_objectives.dita
2026-05-15 07:26:00,997 [INFO] layers.layer6_fix_agent: L6/Suggest tmpl missing_prodname workbook_for_nism_series_ii_b_registrars_to_an_issue_and_share_transfer_agents/foreword.dita
2026-05-15 07:26:00,997 [INFO] layers.layer6_fix_agent: L6/Suggest tmpl missing_prodname workbook_for_nism_series_ii_b_registrars_to_an_issue_and_share_transfer_agents/how_to_register_and_take_the_examination.dita
2026-05-15 07:26:00,997 [INFO] layers.layer6_fix_agent: L6/Suggest tmpl missing_prodname workbook_for_nism_series_ii_b_registrars_to_an_issue_and_share_transfer_agents/important.dita
2026-05-15 07:26:00,997 [INFO] layers.layer6_fix_agent: L6/Suggest tmpl missing_prodname workbook_for_nism_series_ii_b_registrars_to_an_issue_and_share_transfer_agents/nism_series_ii_b_registrars_to_an_issue_and_share_transfer_agents_mutual_fund.dita
2026-05-15 07:26:00,998 [INFO] layers.layer6_fix_agent: L6/Suggest tmpl missing_prodname workbook_for_nism_series_ii_b_registrars_to_an_issue_and_share_transfer_agents/workbook_for_nism_series_ii_b_registrars_to_an_issue_and_share_transfer_agents.dita
2026-05-15 07:26:00,998 [INFO] layers.layer6_fix_agent: L6/Suggest ✓ 100 suggestions
2026-05-15 07:26:01,006 [INFO] layers.layer6_fix_agent: L6/Suggest ✓ saved 100 suggestions
2026-05-15 07:26:01,006 [INFO] layers.layer6_fix_agent: L6/Suggest ── Done ──
2026-05-15 07:26:01,008 [INFO] pipeline.enrich_runner: [EnrichPipeline] Layer 6 — suggestions_generated=100
2026-05-15 07:26:01,019 [INFO] pipeline.enrich_runner: [EnrichPipeline] Final element counts (post-enrichment): {'ol': 4, 'ul': 20, 'table': 2, 'image': 0, 'crosslink': 0, 'hyperlink': 0, 'concept': 86, 'task': 3, 'reference': 0, 'topic': 2}
2026-05-15 07:26:01,025 [INFO] pipeline.enrich_runner: [EnrichPipeline] Saved: /app/output/f2ced2d0-20eb-4012-8b06-ccca5d54e78d/ai_reports/_agent_report.json
2026-05-15 07:26:01,027 [INFO] pipeline.enrich_runner: [EnrichPipeline] Saved: /app/output/f2ced2d0-20eb-4012-8b06-ccca5d54e78d/ai_reports/pre_enrichment.json
2026-05-15 07:26:01,032 [INFO] pipeline.enrich_runner: [EnrichPipeline] Saved: /app/output/f2ced2d0-20eb-4012-8b06-ccca5d54e78d/ai_reports/post_enrichment.json
2026-05-15 07:26:01,032 [INFO] pipeline.enrich_runner: =================================================================
2026-05-15 07:26:01,032 [INFO] pipeline.enrich_runner: [EnrichPipeline] JOB COMPLETED  job_id=f2ced2d0-20eb-4012-8b06-ccca5d54e78d
2026-05-15 07:26:01,032 [INFO] pipeline.enrich_runner: [EnrichPipeline] Log file : /app/output/f2ced2d0-20eb-4012-8b06-ccca5d54e78d/ai_logs/ai_enrichment.log
2026-05-15 07:26:01,033 [INFO] pipeline.enrich_runner: [EnrichPipeline] Reports  : /app/output/f2ced2d0-20eb-4012-8b06-ccca5d54e78d/ai_reports
2026-05-15 07:26:01,033 [INFO] pipeline.enrich_runner: =================================================================
2026-05-15 07:26:01,039 [INFO] pipeline.enrich_runner: [EnrichPipeline] Raw backup deleted after successful enrichment
